reference,gene,aa position,mutated aa,child codon,nt position,dist mut pam,mutated pam,base pairing region
0_alaA,alaA,107.0,PHE,TTT,319,-4,CAG,TTACATCGGCAATGGTGTAT
1_alaA,alaA,126.0,VAL,GTT,376,-7,TAG,GAACAGCGGGGACGAAATGT
2_alaA,alaA,126.0,VAL,GTA,376,-7,TAG,GAACAGCGGGGACGAAATGT
3_alaA,alaA,126.0,VAL,GTG,376,-7,TAG,GAACAGCGGGGACGAAATGT
4_alaA,alaA,126.0,VAL,GTT,376,12,TCC,AAACCGCCGCGGTCCAGAGT
5_alaA,alaA,126.0,VAL,GTA,376,12,TCC,AAACCGCCGCGGTCCAGAGT
6_alaA,alaA,126.0,VAL,GTG,376,12,TCC,AAACCGCCGCGGTCCAGAGT
7_alaA,alaA,13.0,ILE,ATC,37,-16,CTA,ACAGACATTCTCTAATTTGC
8_alaA,alaA,13.0,ILE,ATT,37,-16,CTA,ACAGACATTCTCTAATTTGC
9_alaA,alaA,13.0,ILE,ATA,37,-16,CTA,ACAGACATTCTCTAATTTGC
10_alaA,alaA,13.0,ILE,ATC,37,15,TCG,CTTCTTTCAGCACCGGACCA
11_alaA,alaA,13.0,ILE,ATT,37,15,TCG,CTTCTTTCAGCACCGGACCA
12_alaA,alaA,13.0,ILE,ATA,37,15,TCG,CTTCTTTCAGCACCGGACCA
13_alaA,alaA,137.0,ALA,GCC,409,-7,CAG,AGATTACCCACTCTGGACCG
14_alaA,alaA,137.0,ALA,GCA,409,-7,CAG,AGATTACCCACTCTGGACCG
15_alaA,alaA,137.0,ALA,GCG,409,-7,CAG,AGATTACCCACTCTGGACCG
16_alaA,alaA,137.0,ALA,GCC,409,-4,CAG,TTACCCACTCTGGACCGCGG
17_alaA,alaA,137.0,ALA,GCA,409,-4,CAG,TTACCCACTCTGGACCGCGG
18_alaA,alaA,137.0,ALA,GCG,409,-4,CAG,TTACCCACTCTGGACCGCGG
19_alaA,alaA,137.0,ALA,GCC,409,-10,CTG,GCTGGAAAGCGAAACCGCCG
20_alaA,alaA,137.0,ALA,GCA,409,-10,CTG,GCTGGAAAGCGAAACCGCCG
21_alaA,alaA,137.0,ALA,GCG,409,-10,CTG,GCTGGAAAGCGAAACCGCCG
22_alaA,alaA,157.0,ASN,AAT,469,-16,CTT,GAGGTCCGGGAACCAGTCAG
23_alaA,alaA,157.0,ASN,AAC,469,-16,CTT,GAGGTCCGGGAACCAGTCAG
24_alaA,alaA,167.0,SER,TCA,499,1,-,ATAACGATCCCACGCGTACG
25_alaA,alaA,167.0,SER,TCG,499,1,-,ATAACGATCCCACGCGTACG
26_alaA,alaA,167.0,SER,AGT,499,1,-,ATAACGATCCCACGCGTACG
27_alaA,alaA,167.0,SER,TCA,499,30,TCC,CCGCGCCGGTTGGGTTATTT
28_alaA,alaA,167.0,SER,TCG,499,30,TCC,CCGCGCCGGTTGGGTTATTT
29_alaA,alaA,167.0,SER,TCC,499,30,TCC,CCGCGCCGGTTGGGTTATTT
30_alaA,alaA,167.0,SER,AGC,499,30,TCC,CCGCGCCGGTTGGGTTATTT
31_alaA,alaA,167.0,SER,AGT,499,30,TCC,CCGCGCCGGTTGGGTTATTT
32_alaA,alaA,191.0,ILE,ATC,571,-22,CAG,CCCAAATAACCCAACCGGCG
33_alaA,alaA,191.0,ILE,ATA,571,-22,CAG,CCCAAATAACCCAACCGGCG
34_alaA,alaA,191.0,ILE,ATC,571,2,-,ATATTCCAAAGAGCTTTTAA
35_alaA,alaA,191.0,ILE,ATA,571,2,-,ATATTCCAAAGAGCTTTTAA
36_alaA,alaA,191.0,ILE,ATC,571,-28,CTG,CTCTTTGGAATATACCGCGC
37_alaA,alaA,191.0,ILE,ATA,571,-28,CTG,CTCTTTGGAATATACCGCGC
38_alaA,alaA,191.0,ILE,ATC,571,-13,CTA,AATCTCCATTAAAAGCTCTT
39_alaA,alaA,191.0,ILE,ATA,571,-13,CTA,AATCTCCATTAAAAGCTCTT
40_alaA,alaA,197.0,VAL,GTT,589,-7,TTG,AGAGCTTTTAATGGAGATTG
41_alaA,alaA,197.0,VAL,GTA,589,-7,TTG,AGAGCTTTTAATGGAGATTG
42_alaA,alaA,197.0,VAL,GTG,589,-7,TTG,AGAGCTTTTAATGGAGATTG
43_alaA,alaA,225.0,ALA,GCC,673,15,TCT,CGTTAAAGGTAATGGTCAGC
44_alaA,alaA,225.0,ALA,GCA,673,15,TCT,CGTTAAAGGTAATGGTCAGC
45_alaA,alaA,225.0,ALA,GCG,673,15,TCT,CGTTAAAGGTAATGGTCAGC
46_alaA,alaA,239.0,PRO,CCT,715,-27,CTT,CGTTAAAGGTAATGGTCAGC
47_alaA,alaA,239.0,PRO,CCA,715,-27,CTT,CGTTAAAGGTAATGGTCAGC
48_alaA,alaA,239.0,PRO,CCC,715,-27,CTT,CGTTAAAGGTAATGGTCAGC
49_alaA,alaA,239.0,PRO,CCT,715,-19,CTA,CGACAGTCCGTTAAAGGTAA
50_alaA,alaA,239.0,PRO,CCA,715,-19,CTA,CGACAGTCCGTTAAAGGTAA
51_alaA,alaA,239.0,PRO,CCC,715,-19,CTA,CGACAGTCCGTTAAAGGTAA
52_alaA,alaA,239.0,PRO,CCT,715,-13,CTT,CGTTTTCGACAGTCCGTTAA
53_alaA,alaA,239.0,PRO,CCA,715,-13,CTT,CGTTTTCGACAGTCCGTTAA
54_alaA,alaA,239.0,PRO,CCC,715,-13,CTT,CGTTTTCGACAGTCCGTTAA
55_alaA,alaA,239.0,PRO,CCT,715,12,TCG,CCTGACGGAAGCCTGCAACG
56_alaA,alaA,239.0,PRO,CCA,715,12,TCG,CCTGACGGAAGCCTGCAACG
57_alaA,alaA,239.0,PRO,CCC,715,12,TCG,CCTGACGGAAGCCTGCAACG
58_alaA,alaA,239.0,PRO,CCT,715,27,TCG,TCAACACCATCCACCCCTGA
59_alaA,alaA,239.0,PRO,CCA,715,27,TCG,TCAACACCATCCACCCCTGA
60_alaA,alaA,239.0,PRO,CCC,715,27,TCG,TCAACACCATCCACCCCTGA
61_alaA,alaA,244.0,ILE,ATC,730,-28,CTT,CGTTTTCGACAGTCCGTTAA
62_alaA,alaA,244.0,ILE,ATA,730,-28,CTT,CGTTTTCGACAGTCCGTTAA
63_alaA,alaA,244.0,ILE,ATC,730,12,TCG,TCAACACCATCCACCCCTGA
64_alaA,alaA,244.0,ILE,ATA,730,12,TCG,TCAACACCATCCACCCCTGA
65_alaA,alaA,288.0,ALA,GCT,862,-7,CAA,ACCACCTAGCGCGGTCTGAA
66_alaA,alaA,288.0,ALA,GCC,862,-7,CAA,ACCACCTAGCGCGGTCTGAA
67_alaA,alaA,288.0,ALA,GCA,862,-7,CAA,ACCACCTAGCGCGGTCTGAA
68_alaA,alaA,288.0,ALA,GCG,862,-7,CAA,ACCACCTAGCGCGGTCTGAA
69_alaA,alaA,303.0,SER,TCA,907,-4,CTC,CTCATAAAGACGACCGCCAG
70_alaA,alaA,303.0,SER,TCG,907,-4,CTC,CTCATAAAGACGACCGCCAG
71_alaA,alaA,303.0,SER,TCC,907,-4,CTC,CTCATAAAGACGACCGCCAG
72_alaA,alaA,303.0,SER,AGC,907,-4,CTC,CTCATAAAGACGACCGCCAG
73_alaA,alaA,303.0,SER,AGT,907,-4,CTC,CTCATAAAGACGACCGCCAG
74_alaA,alaA,303.0,SER,TCA,907,27,TCG,CGTTGATCAGTTCCCACGCG
75_alaA,alaA,303.0,SER,TCG,907,27,TCG,CGTTGATCAGTTCCCACGCG
76_alaA,alaA,303.0,SER,TCC,907,27,TCG,CGTTGATCAGTTCCCACGCG
77_alaA,alaA,303.0,SER,AGC,907,27,TCG,CGTTGATCAGTTCCCACGCG
78_alaA,alaA,303.0,SER,AGT,907,27,TCG,CGTTGATCAGTTCCCACGCG
79_alaA,alaA,311.0,LYS,AAA,931,-28,CTC,CTCATAAAGACGACCGCCAG
80_alaA,alaA,312.0,CYS,TGT,934,0,-,CGTTGATCAGTTCCCACGCG
81_alaA,alaA,329.0,CYS,TGC,985,-13,CTT,CGCACCACGAGGTTTCACGC
82_alaA,alaA,329.0,CYS,TGT,985,-13,CTT,CGCACCACGAGGTTTCACGC
83_alaA,alaA,329.0,CYS,TGC,985,21,TCC,AGCGTTTGGCGTCGATTTTC
84_alaA,alaA,329.0,CYS,TGT,985,21,TCC,AGCGTTTGGCGTCGATTTTC
85_alaA,alaA,340.0,THR,ACA,1018,2,-,TCGTGAATGTTAAAGCGTTT
86_alaA,alaA,340.0,THR,ACC,1018,2,-,TCGTGAATGTTAAAGCGTTT
87_alaA,alaA,340.0,VAL,GTC,1018,2,-,TCGTGAATGTTAAAGCGTTT
88_alaA,alaA,340.0,VAL,GTT,1018,2,-,TCGTGAATGTTAAAGCGTTT
89_alaA,alaA,340.0,VAL,GTA,1018,2,-,TCGTGAATGTTAAAGCGTTT
90_alaA,alaA,340.0,THR,ACG,1018,2,-,TCGTGAATGTTAAAGCGTTT
91_alaA,alaA,340.0,VAL,GTG,1018,2,-,TCGTGAATGTTAAAGCGTTT
92_alaA,alaA,341.0,ARG,CGT,1021,-1,CAA,GTCGTGAATGTTAAAGCGTT
93_alaA,alaA,341.0,ARG,CGC,1021,-1,CAA,GTCGTGAATGTTAAAGCGTT
94_alaA,alaA,341.0,ARG,AGG,1021,-1,CAA,GTCGTGAATGTTAAAGCGTT
95_alaA,alaA,341.0,ARG,AGA,1021,-1,CAA,GTCGTGAATGTTAAAGCGTT
96_alaA,alaA,341.0,ARG,CGG,1021,-1,CAA,GTCGTGAATGTTAAAGCGTT
97_alaA,alaA,341.0,ARG,CGA,1021,-1,CAA,GTCGTGAATGTTAAAGCGTT
98_alaA,alaA,390.0,GLN,CAA,1168,27,TCT,ACAGCTGATGATAACCAGAA
99_alaA,alaA,390.0,GLN,CAG,1168,27,TCT,ACAGCTGATGATAACCAGAA
100_alaA,alaA,393.0,ASN,AAT,1177,18,TCT,ACAGCTGATGATAACCAGAA
101_alaA,alaA,393.0,ASN,AAC,1177,18,TCT,ACAGCTGATGATAACCAGAA
102_alaA,alaA,396.0,THR,ACA,1186,9,TCT,ACAGCTGATGATAACCAGAA
103_alaA,alaA,396.0,THR,ACC,1186,9,TCT,ACAGCTGATGATAACCAGAA
104_alaA,alaA,396.0,THR,ACG,1186,9,TCT,ACAGCTGATGATAACCAGAA
105_alaA,alaA,401.0,SER,TCA,1201,0,-,AAGTTCGCGCGTTTCCTTTC
106_alaA,alaA,401.0,SER,TCG,1201,0,-,AAGTTCGCGCGTTTCCTTTC
107_alaA,alaA,401.0,SER,TCC,1201,0,-,AAGTTCGCGCGTTTCCTTTC
108_alaA,alaA,401.0,SER,AGC,1201,0,-,AAGTTCGCGCGTTTCCTTTC
109_alaA,alaA,401.0,SER,AGT,1201,0,-,AAGTTCGCGCGTTTCCTTTC
110_alaA,alaA,45.0,SER,TCA,133,-1,CAC,TGGCGCGTCAAAACCGAACG
111_alaA,alaA,45.0,SER,TCG,133,-1,CAC,TGGCGCGTCAAAACCGAACG
112_alaA,alaA,45.0,SER,TCC,133,-1,CAC,TGGCGCGTCAAAACCGAACG
113_alaA,alaA,45.0,SER,AGC,133,-1,CAC,TGGCGCGTCAAAACCGAACG
114_alaA,alaA,45.0,SER,AGT,133,-1,CAC,TGGCGCGTCAAAACCGAACG
115_alaA,alaA,45.0,SER,TCA,133,30,TCT,GGTTGCGTATCACGTCAACG
116_alaA,alaA,45.0,SER,TCG,133,30,TCT,GGTTGCGTATCACGTCAACG
117_alaA,alaA,45.0,SER,TCC,133,30,TCT,GGTTGCGTATCACGTCAACG
118_alaA,alaA,45.0,SER,AGC,133,30,TCT,GGTTGCGTATCACGTCAACG
119_alaA,alaA,45.0,SER,AGT,133,30,TCT,GGTTGCGTATCACGTCAACG
120_alaA,alaA,49.0,GLU,GAA,145,-13,CAC,TGGCGCGTCAAAACCGAACG
121_alaA,alaA,49.0,GLU,GAG,145,-13,CAC,TGGCGCGTCAAAACCGAACG
122_alaA,alaA,49.0,GLU,GAA,145,18,TCT,GGTTGCGTATCACGTCAACG
123_alaA,alaA,49.0,GLU,GAG,145,18,TCT,GGTTGCGTATCACGTCAACG
124_alaA,alaA,53.0,ASP,GAT,157,-25,CAC,TGGCGCGTCAAAACCGAACG
125_alaA,alaA,53.0,ASP,GAT,157,6,TCT,GGTTGCGTATCACGTCAACG
126_alaA,alaA,53.0,ASP,GAT,157,27,TCT,AATACCCTTGAGCGGTAGGC
127_alaA,alaA,54.0,VAL,GTT,160,-28,CAC,TGGCGCGTCAAAACCGAACG
128_alaA,alaA,54.0,VAL,GTA,160,-28,CAC,TGGCGCGTCAAAACCGAACG
129_alaA,alaA,54.0,VAL,GTG,160,-28,CAC,TGGCGCGTCAAAACCGAACG
130_alaA,alaA,54.0,VAL,GTT,160,24,TCT,AATACCCTTGAGCGGTAGGC
131_alaA,alaA,54.0,VAL,GTA,160,24,TCT,AATACCCTTGAGCGGTAGGC
132_alaA,alaA,54.0,VAL,GTG,160,24,TCT,AATACCCTTGAGCGGTAGGC
133_alaA,alaA,56.0,ILE,ATC,166,18,TCT,AATACCCTTGAGCGGTAGGC
134_alaA,alaA,56.0,ILE,ATA,166,18,TCT,AATACCCTTGAGCGGTAGGC
135_alaA,alaA,60.0,HIS,CAC,178,6,TCT,AATACCCTTGAGCGGTAGGC
136_alaA,alaA,65.0,SER,TCA,193,-9,CTT,AATACCCTTGAGCGGTAGGC
137_alaA,alaA,65.0,SER,TCG,193,-9,CTT,AATACCCTTGAGCGGTAGGC
138_alaA,alaA,65.0,SER,TCC,193,-9,CTT,AATACCCTTGAGCGGTAGGC
139_alaA,alaA,65.0,SER,AGC,193,-9,CTT,AATACCCTTGAGCGGTAGGC
140_alaA,alaA,65.0,SER,AGT,193,-9,CTT,AATACCCTTGAGCGGTAGGC
141_alaA,alaA,65.0,SER,TCA,193,-1,CTG,GGAATCGCAATACCCTTGAG
142_alaA,alaA,65.0,SER,TCG,193,-1,CTG,GGAATCGCAATACCCTTGAG
143_alaA,alaA,65.0,SER,TCC,193,-1,CTG,GGAATCGCAATACCCTTGAG
144_alaA,alaA,65.0,SER,AGC,193,-1,CTG,GGAATCGCAATACCCTTGAG
145_alaA,alaA,65.0,SER,AGT,193,-1,CTG,GGAATCGCAATACCCTTGAG
146_alaA,alaA,91.0,SER,TCA,271,-13,AAG,AGCCATCATGCAGCACTACC
147_alaA,alaA,91.0,SER,TCG,271,-13,AAG,AGCCATCATGCAGCACTACC
148_alaA,alaA,91.0,SER,TCC,271,-13,AAG,AGCCATCATGCAGCACTACC
149_alaA,alaA,91.0,SER,AGC,271,-13,AAG,AGCCATCATGCAGCACTACC
150_alaA,alaA,91.0,SER,AGT,271,-13,AAG,AGCCATCATGCAGCACTACC
151_alaA,alaA,92.0,HIS,CAC,274,-16,AAG,AGCCATCATGCAGCACTACC
