reference,aa position,mutated aa,child codon,nt position,dist mut pam,mutated pam,base pairing region
0_alaA,401.0,SER,TCC,1201,-6,-,ACAGCTGATGATAACCAGAA
1_alaA,401.0,SER,AGC,1201,-6,-,ACAGCTGATGATAACCAGAA
2_alaA,401.0,SER,TCG,1201,-6,-,ACAGCTGATGATAACCAGAA
3_alaA,401.0,SER,TCT,1201,-6,-,ACAGCTGATGATAACCAGAA
4_alaA,401.0,SER,TCA,1201,-6,-,ACAGCTGATGATAACCAGAA
5_alaA,341.0,ARG,AGA,1021,-15,-,AGCGTTTGGCGTCGATTTTC
6_alaA,341.0,ARG,CGA,1021,-1,CAA,GTCGTGAATGTTAAAGCGTT
7_alaA,341.0,ARG,CGG,1021,-1,CAA,GTCGTGAATGTTAAAGCGTT
8_alaA,341.0,ARG,AGA,1021,-1,CAA,GTCGTGAATGTTAAAGCGTT
9_alaA,341.0,ARG,CGC,1021,-1,CAA,GTCGTGAATGTTAAAGCGTT
10_alaA,341.0,ARG,CGT,1021,-1,CAA,GTCGTGAATGTTAAAGCGTT
11_alaA,329.0,CYS,TGT,985,-13,CTT,CGCACCACGAGGTTTCACGC
12_alaA,329.0,CYS,TGT,985,21,TCC,AGCGTTTGGCGTCGATTTTC
13_alaA,191.0,ILE,ATT,571,-27,-,TCAACCCAAATAACCCAACC
14_alaA,191.0,ILE,ATA,571,-27,-,TCAACCCAAATAACCCAACC
15_alaA,191.0,ILE,ATT,571,-22,CAG,CCCAAATAACCCAACCGGCG
16_alaA,191.0,ILE,ATA,571,-22,CAG,CCCAAATAACCCAACCGGCG
17_alaA,191.0,ILE,ATT,571,-28,CTG,CTCTTTGGAATATACCGCGC
18_alaA,191.0,ILE,ATA,571,-28,CTG,CTCTTTGGAATATACCGCGC
19_alaA,191.0,ILE,ATT,571,-13,CTA,AATCTCCATTAAAAGCTCTT
20_alaA,191.0,ILE,ATA,571,-13,CTA,AATCTCCATTAAAAGCTCTT
21_alaA,390.0,MET,ATG,1168,-20,-,AGCTCGATATCATCGACACG
22_alaA,390.0,GLN,CAG,1168,-20,-,AGCTCGATATCATCGACACG
23_alaA,390.0,MET,ATG,1168,27,TCT,ACAGCTGATGATAACCAGAA
24_alaA,390.0,GLN,CAG,1168,27,TCT,ACAGCTGATGATAACCAGAA
25_alaA,225.0,ALA,GCT,673,15,TCT,CGTTAAAGGTAATGGTCAGC
26_alaA,225.0,ALA,GCG,673,15,TCT,CGTTAAAGGTAATGGTCAGC
27_alaA,225.0,ALA,GCA,673,15,TCT,CGTTAAAGGTAATGGTCAGC
28_alaA,301.0,MET,ATG,901,-27,-,CCATTCAGACCGCGCTAGGT
29_alaA,340.0,VAL,GTG,1018,-12,-,AGCGTTTGGCGTCGATTTTC
30_alaA,340.0,THR,ACC,1018,-12,-,AGCGTTTGGCGTCGATTTTC
31_alaA,340.0,THR,ACA,1018,-12,-,AGCGTTTGGCGTCGATTTTC
32_alaA,340.0,VAL,GTT,1018,-12,-,AGCGTTTGGCGTCGATTTTC
33_alaA,340.0,THR,ACG,1018,-12,-,AGCGTTTGGCGTCGATTTTC
34_alaA,340.0,VAL,GTC,1018,-12,-,AGCGTTTGGCGTCGATTTTC
35_alaA,340.0,VAL,GTA,1018,-12,-,AGCGTTTGGCGTCGATTTTC
36_alaA,65.0,SER,TCC,193,-9,CTT,AATACCCTTGAGCGGTAGGC
37_alaA,65.0,SER,AGC,193,-9,CTT,AATACCCTTGAGCGGTAGGC
38_alaA,65.0,SER,TCG,193,-9,CTT,AATACCCTTGAGCGGTAGGC
39_alaA,65.0,SER,TCT,193,-9,CTT,AATACCCTTGAGCGGTAGGC
40_alaA,65.0,SER,TCA,193,-9,CTT,AATACCCTTGAGCGGTAGGC
41_alaA,65.0,SER,TCG,193,-5,-,TCGCAATACCCTTGAGCGGT
42_alaA,65.0,SER,TCT,193,-5,-,TCGCAATACCCTTGAGCGGT
43_alaA,65.0,SER,TCA,193,-5,-,TCGCAATACCCTTGAGCGGT
44_alaA,65.0,SER,TCC,193,-1,CTG,GGAATCGCAATACCCTTGAG
45_alaA,65.0,SER,AGC,193,-1,CTG,GGAATCGCAATACCCTTGAG
46_alaA,65.0,SER,TCG,193,-1,CTG,GGAATCGCAATACCCTTGAG
47_alaA,65.0,SER,TCT,193,-1,CTG,GGAATCGCAATACCCTTGAG
48_alaA,65.0,SER,TCA,193,-1,CTG,GGAATCGCAATACCCTTGAG
49_alaA,319.0,ASN,AAT,955,-14,-,ATGAGCAGCGTAACCGCGCG
50_alaA,319.0,ASN,AAC,955,-14,-,ATGAGCAGCGTAACCGCGCG
51_alaA,319.0,ASN,AAT,955,-21,-,CGTTGATCAGTTCCCACGCG
52_alaA,319.0,ASN,AAC,955,-21,-,CGTTGATCAGTTCCCACGCG
53_alaA,126.0,VAL,GTT,376,-21,-,TGCAGGCATTGCTGAACAGC
54_alaA,126.0,VAL,GTA,376,-21,-,TGCAGGCATTGCTGAACAGC
55_alaA,126.0,VAL,GTT,376,-7,TAG,GAACAGCGGGGACGAAATGT
56_alaA,126.0,VAL,GTC,376,-7,TAG,GAACAGCGGGGACGAAATGT
57_alaA,126.0,VAL,GTA,376,-7,TAG,GAACAGCGGGGACGAAATGT
58_alaA,126.0,VAL,GTT,376,-2,-,CAGAGTGGGTAATCTGGTGC
59_alaA,126.0,VAL,GTA,376,-2,-,CAGAGTGGGTAATCTGGTGC
60_alaA,126.0,VAL,GTT,376,12,TCC,AAACCGCCGCGGTCCAGAGT
61_alaA,126.0,VAL,GTC,376,12,TCC,AAACCGCCGCGGTCCAGAGT
62_alaA,126.0,VAL,GTA,376,12,TCC,AAACCGCCGCGGTCCAGAGT
63_alaA,49.0,GLU,GAA,145,-24,-,AGGTACTGAAACTGAACATC
64_alaA,49.0,GLU,GAA,145,-6,-,TCGGCAACCCAGCCCCGTTC
65_alaA,49.0,GLU,GAA,145,-18,-,CGTCAAAACCGAACGGGGCT
66_alaA,49.0,GLU,GAA,145,-13,CAC,TGGCGCGTCAAAACCGAACG
67_alaA,49.0,GLU,GAA,145,18,TCT,GGTTGCGTATCACGTCAACG
68_alaA,137.0,ALA,GCT,409,-14,-,CTGCACCAGATTACCCACTC
69_alaA,137.0,ALA,GCG,409,-14,-,CTGCACCAGATTACCCACTC
70_alaA,137.0,ALA,GCA,409,-14,-,CTGCACCAGATTACCCACTC
71_alaA,137.0,ALA,GCT,409,-7,CAG,AGATTACCCACTCTGGACCG
72_alaA,137.0,ALA,GCG,409,-7,CAG,AGATTACCCACTCTGGACCG
73_alaA,137.0,ALA,GCA,409,-7,CAG,AGATTACCCACTCTGGACCG
74_alaA,137.0,ALA,GCT,409,-4,CAG,TTACCCACTCTGGACCGCGG
75_alaA,137.0,ALA,GCG,409,-4,CAG,TTACCCACTCTGGACCGCGG
76_alaA,137.0,ALA,GCA,409,-4,CAG,TTACCCACTCTGGACCGCGG
77_alaA,137.0,ALA,GCT,409,-29,-,GCGGTCCAGAGTGGGTAATC
78_alaA,137.0,ALA,GCG,409,-29,-,GCGGTCCAGAGTGGGTAATC
79_alaA,137.0,ALA,GCA,409,-29,-,GCGGTCCAGAGTGGGTAATC
80_alaA,137.0,ALA,GCT,409,-21,-,AAACCGCCGCGGTCCAGAGT
81_alaA,137.0,ALA,GCG,409,-21,-,AAACCGCCGCGGTCCAGAGT
82_alaA,137.0,ALA,GCA,409,-21,-,AAACCGCCGCGGTCCAGAGT
83_alaA,137.0,ALA,GCT,409,-10,CTG,GCTGGAAAGCGAAACCGCCG
84_alaA,137.0,ALA,GCG,409,-10,CTG,GCTGGAAAGCGAAACCGCCG
85_alaA,137.0,ALA,GCA,409,-10,CTG,GCTGGAAAGCGAAACCGCCG
86_alaA,385.0,ILE,ATT,1153,-21,-,CACGCGGTAGCGTGACAATG
87_alaA,385.0,ILE,ATA,1153,-21,-,CACGCGGTAGCGTGACAATG
88_alaA,385.0,ILE,ATT,1153,-5,-,AGCTCGATATCATCGACACG
89_alaA,385.0,ILE,ATA,1153,-5,-,AGCTCGATATCATCGACACG
90_alaA,393.0,ASN,AAT,1177,-29,-,AGCTCGATATCATCGACACG
91_alaA,393.0,ASN,AAC,1177,-29,-,AGCTCGATATCATCGACACG
92_alaA,393.0,ASN,AAT,1177,18,TCT,ACAGCTGATGATAACCAGAA
93_alaA,393.0,ASN,AAC,1177,18,TCT,ACAGCTGATGATAACCAGAA
94_alaA,244.0,ILE,ATT,730,-21,-,TGCTGACCATTACCTTTAAC
95_alaA,244.0,ILE,ATA,730,-21,-,TGCTGACCATTACCTTTAAC
96_alaA,244.0,ILE,ATT,730,-28,CTT,CGTTTTCGACAGTCCGTTAA
97_alaA,244.0,ILE,ATA,730,-28,CTT,CGTTTTCGACAGTCCGTTAA
98_alaA,244.0,ILE,ATT,730,-3,-,CCTGACGGAAGCCTGCAACG
99_alaA,244.0,ILE,ATA,730,-3,-,CCTGACGGAAGCCTGCAACG
100_alaA,244.0,ILE,ATT,730,12,TCG,TCAACACCATCCACCCCTGA
101_alaA,244.0,ILE,ATA,730,12,TCG,TCAACACCATCCACCCCTGA
102_alaA,311.0,LYS,AAA,931,-24,-,TCAGTGAATTTATTACCCCT
103_alaA,311.0,LYS,AAA,931,-21,-,GTGAATTTATTACCCCTGGC
104_alaA,311.0,LYS,AAA,931,-28,CTC,CTCATAAAGACGACCGCCAG
105_alaA,56.0,ILE,ATT,166,-27,-,TCGGCAACCCAGCCCCGTTC
106_alaA,56.0,ILE,ATA,166,-27,-,TCGGCAACCCAGCCCCGTTC
107_alaA,56.0,ILE,ATT,166,-14,-,ACGTCAACGAGGATTTCATC
108_alaA,56.0,ILE,ATA,166,-14,-,ACGTCAACGAGGATTTCATC
109_alaA,56.0,ILE,ATT,166,-3,-,GGTTGCGTATCACGTCAACG
110_alaA,56.0,ILE,ATA,166,-3,-,GGTTGCGTATCACGTCAACG
111_alaA,56.0,ILE,ATT,166,18,TCT,AATACCCTTGAGCGGTAGGC
112_alaA,56.0,ILE,ATA,166,18,TCT,AATACCCTTGAGCGGTAGGC
113_alaA,157.0,ASN,AAC,469,-16,CTT,GAGGTCCGGGAACCAGTCAG
114_alaA,288.0,ALA,GCT,862,-7,CAA,ACCACCTAGCGCGGTCTGAA
115_alaA,288.0,ALA,GCG,862,-7,CAA,ACCACCTAGCGCGGTCTGAA
116_alaA,288.0,ALA,GCA,862,-7,CAA,ACCACCTAGCGCGGTCTGAA
117_alaA,54.0,VAL,GTG,160,-21,-,TCGGCAACCCAGCCCCGTTC
118_alaA,54.0,VAL,GTT,160,-21,-,TCGGCAACCCAGCCCCGTTC
119_alaA,54.0,VAL,GTA,160,-21,-,TCGGCAACCCAGCCCCGTTC
120_alaA,54.0,VAL,GTG,160,-28,CAC,TGGCGCGTCAAAACCGAACG
121_alaA,54.0,VAL,GTT,160,-28,CAC,TGGCGCGTCAAAACCGAACG
122_alaA,54.0,VAL,GTC,160,-28,CAC,TGGCGCGTCAAAACCGAACG
123_alaA,54.0,VAL,GTA,160,-28,CAC,TGGCGCGTCAAAACCGAACG
124_alaA,54.0,VAL,GTG,160,-8,-,ACGTCAACGAGGATTTCATC
125_alaA,54.0,VAL,GTT,160,-8,-,ACGTCAACGAGGATTTCATC
126_alaA,54.0,VAL,GTA,160,-8,-,ACGTCAACGAGGATTTCATC
127_alaA,54.0,VAL,GTG,160,24,TCT,AATACCCTTGAGCGGTAGGC
128_alaA,54.0,VAL,GTT,160,24,TCT,AATACCCTTGAGCGGTAGGC
129_alaA,54.0,VAL,GTC,160,24,TCT,AATACCCTTGAGCGGTAGGC
130_alaA,54.0,VAL,GTA,160,24,TCT,AATACCCTTGAGCGGTAGGC
131_alaA,197.0,VAL,GTT,589,-16,-,ATATTCCAAAGAGCTTTTAA
132_alaA,197.0,VAL,GTA,589,-16,-,ATATTCCAAAGAGCTTTTAA
133_alaA,197.0,VAL,GTT,589,-7,TTG,AGAGCTTTTAATGGAGATTG
134_alaA,197.0,VAL,GTC,589,-7,TTG,AGAGCTTTTAATGGAGATTG
135_alaA,197.0,VAL,GTA,589,-7,TTG,AGAGCTTTTAATGGAGATTG
136_alaA,318.0,SER,TCC,952,-11,-,ATGAGCAGCGTAACCGCGCG
137_alaA,318.0,SER,AGC,952,-11,-,ATGAGCAGCGTAACCGCGCG
138_alaA,318.0,SER,TCT,952,-11,-,ATGAGCAGCGTAACCGCGCG
139_alaA,318.0,SER,TCA,952,-11,-,ATGAGCAGCGTAACCGCGCG
140_alaA,318.0,SER,TCC,952,-18,-,CGTTGATCAGTTCCCACGCG
141_alaA,318.0,SER,AGC,952,-18,-,CGTTGATCAGTTCCCACGCG
142_alaA,318.0,SER,TCT,952,-18,-,CGTTGATCAGTTCCCACGCG
143_alaA,318.0,SER,TCA,952,-18,-,CGTTGATCAGTTCCCACGCG
144_alaA,60.0,HIS,CAT,178,-26,-,ACGTCAACGAGGATTTCATC
145_alaA,60.0,HIS,CAT,178,-15,-,GGTTGCGTATCACGTCAACG
146_alaA,60.0,HIS,CAT,178,6,TCT,AATACCCTTGAGCGGTAGGC
147_alaA,13.0,ILE,ATT,37,-29,-,AATTTGCTGGATTTTTCAAT
148_alaA,13.0,ILE,ATA,37,-29,-,AATTTGCTGGATTTTTCAAT
149_alaA,13.0,ILE,ATT,37,-16,CTA,ACAGACATTCTCTAATTTGC
150_alaA,13.0,ILE,ATA,37,-16,CTA,ACAGACATTCTCTAATTTGC
151_alaA,13.0,ILE,ATT,37,15,TCG,CTTCTTTCAGCACCGGACCA
152_alaA,13.0,ILE,ATA,37,15,TCG,CTTCTTTCAGCACCGGACCA
153_alaA,53.0,ASP,GAC,157,-18,-,TCGGCAACCCAGCCCCGTTC
154_alaA,53.0,ASP,GAC,157,-29,-,GCGTCAAAACCGAACGGGGC
155_alaA,53.0,ASP,GAC,157,-25,CAC,TGGCGCGTCAAAACCGAACG
156_alaA,53.0,ASP,GAC,157,-5,-,ACGTCAACGAGGATTTCATC
157_alaA,53.0,ASP,GAC,157,6,TCT,GGTTGCGTATCACGTCAACG
158_alaA,53.0,ASP,GAC,157,27,TCT,AATACCCTTGAGCGGTAGGC
159_alaA,45.0,SER,TCC,133,-12,-,AGGTACTGAAACTGAACATC
160_alaA,45.0,SER,TCA,133,-12,-,AGGTACTGAAACTGAACATC
161_alaA,45.0,SER,AGC,133,-12,-,AGGTACTGAAACTGAACATC
162_alaA,45.0,SER,TCG,133,-12,-,AGGTACTGAAACTGAACATC
163_alaA,45.0,SER,TCT,133,-12,-,AGGTACTGAAACTGAACATC
164_alaA,45.0,SER,TCC,133,-6,-,CGTCAAAACCGAACGGGGCT
165_alaA,45.0,SER,TCA,133,-6,-,CGTCAAAACCGAACGGGGCT
166_alaA,45.0,SER,AGC,133,-6,-,CGTCAAAACCGAACGGGGCT
167_alaA,45.0,SER,TCG,133,-6,-,CGTCAAAACCGAACGGGGCT
168_alaA,45.0,SER,TCT,133,-6,-,CGTCAAAACCGAACGGGGCT
169_alaA,45.0,SER,TCC,133,-1,CAC,TGGCGCGTCAAAACCGAACG
170_alaA,45.0,SER,TCA,133,-1,CAC,TGGCGCGTCAAAACCGAACG
171_alaA,45.0,SER,AGC,133,-1,CAC,TGGCGCGTCAAAACCGAACG
172_alaA,45.0,SER,TCG,133,-1,CAC,TGGCGCGTCAAAACCGAACG
173_alaA,45.0,SER,TCT,133,-1,CAC,TGGCGCGTCAAAACCGAACG
174_alaA,45.0,SER,TCC,133,30,TCT,GGTTGCGTATCACGTCAACG
175_alaA,45.0,SER,TCA,133,30,TCT,GGTTGCGTATCACGTCAACG
176_alaA,45.0,SER,AGC,133,30,TCT,GGTTGCGTATCACGTCAACG
177_alaA,45.0,SER,TCG,133,30,TCT,GGTTGCGTATCACGTCAACG
178_alaA,45.0,SER,TCT,133,30,TCT,GGTTGCGTATCACGTCAACG
179_alaA,92.0,HIS,CAT,274,-16,AAG,AGCCATCATGCAGCACTACC
180_alaA,92.0,HIS,CAT,274,-9,-,TGCAGCACTACCAGGCTCGT
181_alaA,92.0,HIS,CAT,274,-18,-,CATCACGCATGCCACGAGCC
182_alaA,167.0,SER,TCG,499,-27,-,TTTTAGCGCGAATATCATCG
183_alaA,167.0,SER,TCT,499,-27,-,TTTTAGCGCGAATATCATCG
184_alaA,167.0,SER,TCA,499,-27,-,TTTTAGCGCGAATATCATCG
185_alaA,167.0,SER,TCC,499,30,TCC,CCGCGCCGGTTGGGTTATTT
186_alaA,167.0,SER,AGC,499,30,TCC,CCGCGCCGGTTGGGTTATTT
187_alaA,167.0,SER,TCG,499,30,TCC,CCGCGCCGGTTGGGTTATTT
188_alaA,167.0,SER,TCT,499,30,TCC,CCGCGCCGGTTGGGTTATTT
189_alaA,167.0,SER,TCA,499,30,TCC,CCGCGCCGGTTGGGTTATTT
190_alaA,239.0,PRO,CCT,715,-6,-,TGCTGACCATTACCTTTAAC
191_alaA,239.0,PRO,CCC,715,-6,-,TGCTGACCATTACCTTTAAC
192_alaA,239.0,PRO,CCG,715,-6,-,TGCTGACCATTACCTTTAAC
193_alaA,239.0,PRO,CCT,715,-27,CTT,CGTTAAAGGTAATGGTCAGC
194_alaA,239.0,PRO,CCC,715,-27,CTT,CGTTAAAGGTAATGGTCAGC
195_alaA,239.0,PRO,CCG,715,-27,CTT,CGTTAAAGGTAATGGTCAGC
196_alaA,239.0,PRO,CCT,715,-19,CTA,CGACAGTCCGTTAAAGGTAA
197_alaA,239.0,PRO,CCC,715,-19,CTA,CGACAGTCCGTTAAAGGTAA
198_alaA,239.0,PRO,CCG,715,-19,CTA,CGACAGTCCGTTAAAGGTAA
199_alaA,239.0,PRO,CCT,715,-13,CTT,CGTTTTCGACAGTCCGTTAA
200_alaA,239.0,PRO,CCC,715,-13,CTT,CGTTTTCGACAGTCCGTTAA
201_alaA,239.0,PRO,CCG,715,-13,CTT,CGTTTTCGACAGTCCGTTAA
202_alaA,239.0,PRO,CCT,715,12,TCG,CCTGACGGAAGCCTGCAACG
203_alaA,239.0,PRO,CCC,715,12,TCG,CCTGACGGAAGCCTGCAACG
204_alaA,239.0,PRO,CCG,715,12,TCG,CCTGACGGAAGCCTGCAACG
205_alaA,239.0,PRO,CCT,715,27,TCG,TCAACACCATCCACCCCTGA
206_alaA,239.0,PRO,CCC,715,27,TCG,TCAACACCATCCACCCCTGA
207_alaA,239.0,PRO,CCG,715,27,TCG,TCAACACCATCCACCCCTGA
208_alaA,312.0,CYS,TGT,934,-27,-,TCAGTGAATTTATTACCCCT
209_alaA,312.0,CYS,TGT,934,-24,-,GTGAATTTATTACCCCTGGC
210_alaA,312.0,CYS,TGT,934,-29,-,TGCTCATAAAGACGACCGCC
211_alaA,107.0,PHE,TTC,319,-18,-,CCGTGGAAGATATTTACATC
212_alaA,107.0,PHE,TTC,319,-12,-,AAGATATTTACATCGGCAAT
213_alaA,107.0,PHE,TTC,319,-4,CAG,TTACATCGGCAATGGTGTAT
214_alaA,27.0,HIS,CAT,79,-24,-,ATGTCTGTTATGACATCCGT
215_alaA,27.0,HIS,CAT,79,-19,-,CTGTTATGACATCCGTGGTC
216_alaA,27.0,HIS,CAT,79,-27,-,CTTCTTTCAGCACCGGACCA
217_alaA,27.0,HIS,CAT,79,-20,-,CGTTTTGCTTCTTTCAGCAC
218_alaA,27.0,HIS,CAT,79,3,TCT,CCTTGTTACCTTCTTCTTCC
219_alaA,91.0,SER,TCC,271,-13,AAG,AGCCATCATGCAGCACTACC
220_alaA,91.0,SER,TCA,271,-13,AAG,AGCCATCATGCAGCACTACC
221_alaA,91.0,SER,AGC,271,-13,AAG,AGCCATCATGCAGCACTACC
222_alaA,91.0,SER,TCG,271,-13,AAG,AGCCATCATGCAGCACTACC
223_alaA,91.0,SER,TCT,271,-13,AAG,AGCCATCATGCAGCACTACC
224_alaA,91.0,SER,TCC,271,-6,-,TGCAGCACTACCAGGCTCGT
225_alaA,91.0,SER,TCA,271,-6,-,TGCAGCACTACCAGGCTCGT
226_alaA,91.0,SER,AGC,271,-6,-,TGCAGCACTACCAGGCTCGT
227_alaA,91.0,SER,TCT,271,-6,-,TGCAGCACTACCAGGCTCGT
228_alaA,91.0,SER,TCC,271,-15,-,CATCACGCATGCCACGAGCC
229_alaA,91.0,SER,TCA,271,-15,-,CATCACGCATGCCACGAGCC
230_alaA,91.0,SER,AGC,271,-15,-,CATCACGCATGCCACGAGCC
231_alaA,91.0,SER,TCT,271,-15,-,CATCACGCATGCCACGAGCC
232_alaA,396.0,THR,ACC,1186,9,TCT,ACAGCTGATGATAACCAGAA
233_alaA,396.0,THR,ACG,1186,9,TCT,ACAGCTGATGATAACCAGAA
234_alaA,396.0,THR,ACA,1186,9,TCT,ACAGCTGATGATAACCAGAA
235_alaA,303.0,SER,TCC,907,-4,CTC,CTCATAAAGACGACCGCCAG
236_alaA,303.0,SER,AGC,907,-4,CTC,CTCATAAAGACGACCGCCAG
237_alaA,303.0,SER,TCG,907,-4,CTC,CTCATAAAGACGACCGCCAG
238_alaA,303.0,SER,TCT,907,-4,CTC,CTCATAAAGACGACCGCCAG
239_alaA,303.0,SER,TCA,907,-4,CTC,CTCATAAAGACGACCGCCAG
240_alaA,303.0,SER,TCC,907,27,TCG,CGTTGATCAGTTCCCACGCG
241_alaA,303.0,SER,AGC,907,27,TCG,CGTTGATCAGTTCCCACGCG
242_alaA,303.0,SER,TCG,907,27,TCG,CGTTGATCAGTTCCCACGCG
243_alaA,303.0,SER,TCT,907,27,TCG,CGTTGATCAGTTCCCACGCG
244_alaA,303.0,SER,TCA,907,27,TCG,CGTTGATCAGTTCCCACGCG
