reference,gene,parent aa,parent codon,aa position,mutated aa,child codon,nt position,dist mut pam,pam,mutated pam,homology arm,target strand of base pairing region,base pairing region,oligo
0_alaA,alaA,LEU,CTT,107.0,PHE,TTC,319,-18,CGG,-,atgcgtgatgttaccgtggaagatatttacatcggcaatggtgtatcggagTTCatcgttcaggcaatgcaggcattgctgaaca,template / non coding strand,CCGTGGAAGATATTTACATC,TCCTCTGGCGGAAAGCCTatgcgtgatgttaccgtggaagatatttacatcggcaatggtgtatcggagTTCatcgttcaggcaatgcaggcattgctgaacaGATCttgacagctagctcagtcctaggtataatactagtCCGTGGAAGATATTTACATCgttttagagctagaaatagcaagttaaaataaggctag
1_alaA,alaA,LEU,CTT,107.0,PHE,TTT,319,-18,CGG,-,atgcgtgatgttaccgtggaagatatttacatcggcaatggtgtatcggagTTTatcgttcaggcaatgcaggcattgctgaaca,template / non coding strand,CCGTGGAAGATATTTACATC,TCCTCTGGCGGAAAGCCTatgcgtgatgttaccgtggaagatatttacatcggcaatggtgtatcggagTTTatcgttcaggcaatgcaggcattgctgaacaGATCttgacagctagctcagtcctaggtataatactagtCCGTGGAAGATATTTACATCgttttagagctagaaatagcaagttaaaataaggctag
2_alaA,alaA,LEU,CTT,107.0,PHE,TTC,319,-12,TGG,-,cgtgatgttaccgtggaagatatttacatcggcaatggtgtatcggagTTCatcgttcaggcaatgcaggcattgctgaacagcg,template / non coding strand,AAGATATTTACATCGGCAAT,TCCTCTGGCGGAAAGCCTcgtgatgttaccgtggaagatatttacatcggcaatggtgtatcggagTTCatcgttcaggcaatgcaggcattgctgaacagcgGATCttgacagctagctcagtcctaggtataatactagtAAGATATTTACATCGGCAATgttttagagctagaaatagcaagttaaaataaggctag
3_alaA,alaA,LEU,CTT,107.0,PHE,TTT,319,-12,TGG,-,cgtgatgttaccgtggaagatatttacatcggcaatggtgtatcggagTTTatcgttcaggcaatgcaggcattgctgaacagcg,template / non coding strand,AAGATATTTACATCGGCAAT,TCCTCTGGCGGAAAGCCTcgtgatgttaccgtggaagatatttacatcggcaatggtgtatcggagTTTatcgttcaggcaatgcaggcattgctgaacagcgGATCttgacagctagctcagtcctaggtataatactagtAAGATATTTACATCGGCAATgttttagagctagaaatagcaagttaaaataaggctag
4_alaA,alaA,LEU,CTT,107.0,PHE,TTC,319,-4,CGG,CAG,atgttaccgtggaagatatttacatcggcaatggtgtaTCAgagTTCatcgttcaggcaatgcaggcattgctgaacagcgggga,template / non coding strand,TTACATCGGCAATGGTGTAT,TCCTCTGGCGGAAAGCCTatgttaccgtggaagatatttacatcggcaatggtgtaTCAgagTTCatcgttcaggcaatgcaggcattgctgaacagcggggaGATCttgacagctagctcagtcctaggtataatactagtTTACATCGGCAATGGTGTATgttttagagctagaaatagcaagttaaaataaggctag
5_alaA,alaA,LEU,CTT,107.0,PHE,TTT,319,-4,CGG,CAG,atgttaccgtggaagatatttacatcggcaatggtgtaTCAgagTTTatcgttcaggcaatgcaggcattgctgaacagcgggga,template / non coding strand,TTACATCGGCAATGGTGTAT,TCCTCTGGCGGAAAGCCTatgttaccgtggaagatatttacatcggcaatggtgtaTCAgagTTTatcgttcaggcaatgcaggcattgctgaacagcggggaGATCttgacagctagctcagtcctaggtataatactagtTTACATCGGCAATGGTGTATgttttagagctagaaatagcaagttaaaataaggctag
6_alaA,alaA,ALA,GCA,126.0,VAL,GTT,376,-21,CGG,-,tcgttcaggcaatgcaggcattgctgaacagcggggacgaaatgttggttcctGTTccagattacccactctggaccgcggcggt,template / non coding strand,TGCAGGCATTGCTGAACAGC,TCCTCTGGCGGAAAGCCTtcgttcaggcaatgcaggcattgctgaacagcggggacgaaatgttggttcctGTTccagattacccactctggaccgcggcggtGATCttgacagctagctcagtcctaggtataatactagtTGCAGGCATTGCTGAACAGCgttttagagctagaaatagcaagttaaaataaggctag
7_alaA,alaA,ALA,GCA,126.0,VAL,GTG,376,-21,CGG,-,tcgttcaggcaatgcaggcattgctgaacagcggggacgaaatgttggttcctGTGccagattacccactctggaccgcggcggt,template / non coding strand,TGCAGGCATTGCTGAACAGC,TCCTCTGGCGGAAAGCCTtcgttcaggcaatgcaggcattgctgaacagcggggacgaaatgttggttcctGTGccagattacccactctggaccgcggcggtGATCttgacagctagctcagtcctaggtataatactagtTGCAGGCATTGCTGAACAGCgttttagagctagaaatagcaagttaaaataaggctag
8_alaA,alaA,ALA,GCA,126.0,VAL,GTC,376,-7,TGG,TAG,ggcaatgcaggcattgctgaacagcggggacgaaatgTTAgttcctGTCccagattacccactctggaccgcggcggtttcgctt,template / non coding strand,GAACAGCGGGGACGAAATGT,TCCTCTGGCGGAAAGCCTggcaatgcaggcattgctgaacagcggggacgaaatgTTAgttcctGTCccagattacccactctggaccgcggcggtttcgcttGATCttgacagctagctcagtcctaggtataatactagtGAACAGCGGGGACGAAATGTgttttagagctagaaatagcaagttaaaataaggctag
9_alaA,alaA,ALA,GCA,126.0,VAL,GTT,376,-7,TGG,TAG,ggcaatgcaggcattgctgaacagcggggacgaaatgTTAgttcctGTTccagattacccactctggaccgcggcggtttcgctt,template / non coding strand,GAACAGCGGGGACGAAATGT,TCCTCTGGCGGAAAGCCTggcaatgcaggcattgctgaacagcggggacgaaatgTTAgttcctGTTccagattacccactctggaccgcggcggtttcgcttGATCttgacagctagctcagtcctaggtataatactagtGAACAGCGGGGACGAAATGTgttttagagctagaaatagcaagttaaaataaggctag
10_alaA,alaA,ALA,GCA,126.0,VAL,GTG,376,-7,TGG,TAG,ggcaatgcaggcattgctgaacagcggggacgaaatgTTAgttcctGTGccagattacccactctggaccgcggcggtttcgctt,template / non coding strand,GAACAGCGGGGACGAAATGT,TCCTCTGGCGGAAAGCCTggcaatgcaggcattgctgaacagcggggacgaaatgTTAgttcctGTGccagattacccactctggaccgcggcggtttcgcttGATCttgacagctagctcagtcctaggtataatactagtGAACAGCGGGGACGAAATGTgttttagagctagaaatagcaagttaaaataaggctag
11_alaA,alaA,ALA,GCA,126.0,VAL,GTT,376,-2,CCT,-,aatgcaggcattgctgaacagcggggacgaaatgttggttcctGTTccagattacccactctggaccgcggcggtttcgctttcc,non template / coding strand,CAGAGTGGGTAATCTGGTGC,TCCTCTGGCGGAAAGCCTaatgcaggcattgctgaacagcggggacgaaatgttggttcctGTTccagattacccactctggaccgcggcggtttcgctttccGATCttgacagctagctcagtcctaggtataatactagtCAGAGTGGGTAATCTGGTGCgttttagagctagaaatagcaagttaaaataaggctag
12_alaA,alaA,ALA,GCA,126.0,VAL,GTG,376,-2,CCT,-,aatgcaggcattgctgaacagcggggacgaaatgttggttcctGTGccagattacccactctggaccgcggcggtttcgctttcc,non template / coding strand,CAGAGTGGGTAATCTGGTGC,TCCTCTGGCGGAAAGCCTaatgcaggcattgctgaacagcggggacgaaatgttggttcctGTGccagattacccactctggaccgcggcggtttcgctttccGATCttgacagctagctcagtcctaggtataatactagtCAGAGTGGGTAATCTGGTGCgttttagagctagaaatagcaagttaaaataaggctag
13_alaA,alaA,ALA,GCA,126.0,VAL,GTC,376,12,CCC,TCC,gcattgctgaacagcggggacgaaatgttggttcctGTCccagatTATccactctggaccgcggcggtttcgctttccagcggta,non template / coding strand,AAACCGCCGCGGTCCAGAGT,TCCTCTGGCGGAAAGCCTgcattgctgaacagcggggacgaaatgttggttcctGTCccagatTATccactctggaccgcggcggtttcgctttccagcggtaGATCttgacagctagctcagtcctaggtataatactagtAAACCGCCGCGGTCCAGAGTgttttagagctagaaatagcaagttaaaataaggctag
14_alaA,alaA,ALA,GCA,126.0,VAL,GTT,376,12,CCC,TCC,gcattgctgaacagcggggacgaaatgttggttcctGTTccagatTATccactctggaccgcggcggtttcgctttccagcggta,non template / coding strand,AAACCGCCGCGGTCCAGAGT,TCCTCTGGCGGAAAGCCTgcattgctgaacagcggggacgaaatgttggttcctGTTccagatTATccactctggaccgcggcggtttcgctttccagcggtaGATCttgacagctagctcagtcctaggtataatactagtAAACCGCCGCGGTCCAGAGTgttttagagctagaaatagcaagttaaaataaggctag
15_alaA,alaA,ALA,GCA,126.0,VAL,GTG,376,12,CCC,TCC,gcattgctgaacagcggggacgaaatgttggttcctGTGccagatTATccactctggaccgcggcggtttcgctttccagcggta,non template / coding strand,AAACCGCCGCGGTCCAGAGT,TCCTCTGGCGGAAAGCCTgcattgctgaacagcggggacgaaatgttggttcctGTGccagatTATccactctggaccgcggcggtttcgctttccagcggtaGATCttgacagctagctcagtcctaggtataatactagtAAACCGCCGCGGTCCAGAGTgttttagagctagaaatagcaagttaaaataaggctag
16_alaA,alaA,VAL,GTC,13.0,ILE,ATT,37,-29,CCC,-,cagcaaaaaaggtcaagattcatgtcccccattgaaaaatccagcaaattagagaatATTtgttatgacatccgtggtccggtgc,non template / coding strand,AATTTGCTGGATTTTTCAAT,TCCTCTGGCGGAAAGCCTcagcaaaaaaggtcaagattcatgtcccccattgaaaaatccagcaaattagagaatATTtgttatgacatccgtggtccggtgcGATCttgacagctagctcagtcctaggtataatactagtAATTTGCTGGATTTTTCAATgttttagagctagaaatagcaagttaaaataaggctag
17_alaA,alaA,VAL,GTC,13.0,ILE,ATA,37,-29,CCC,-,cagcaaaaaaggtcaagattcatgtcccccattgaaaaatccagcaaattagagaatATAtgttatgacatccgtggtccggtgc,non template / coding strand,AATTTGCTGGATTTTTCAAT,TCCTCTGGCGGAAAGCCTcagcaaaaaaggtcaagattcatgtcccccattgaaaaatccagcaaattagagaatATAtgttatgacatccgtggtccggtgcGATCttgacagctagctcagtcctaggtataatactagtAATTTGCTGGATTTTTCAATgttttagagctagaaatagcaagttaaaataaggctag
18_alaA,alaA,VAL,GTC,13.0,ILE,ATT,37,-16,CCA,CTA,aaaggtcaagattcatgtcccccattgaaaaaTCTagcaaattagagaatATTtgttatgacatccgtggtccggtgctgaaaga,non template / coding strand,ACAGACATTCTCTAATTTGC,TCCTCTGGCGGAAAGCCTaaaggtcaagattcatgtcccccattgaaaaaTCTagcaaattagagaatATTtgttatgacatccgtggtccggtgctgaaagaGATCttgacagctagctcagtcctaggtataatactagtACAGACATTCTCTAATTTGCgttttagagctagaaatagcaagttaaaataaggctag
19_alaA,alaA,VAL,GTC,13.0,ILE,ATA,37,-16,CCA,CTA,aaaggtcaagattcatgtcccccattgaaaaaTCTagcaaattagagaatATAtgttatgacatccgtggtccggtgctgaaaga,non template / coding strand,ACAGACATTCTCTAATTTGC,TCCTCTGGCGGAAAGCCTaaaggtcaagattcatgtcccccattgaaaaaTCTagcaaattagagaatATAtgttatgacatccgtggtccggtgctgaaagaGATCttgacagctagctcagtcctaggtataatactagtACAGACATTCTCTAATTTGCgttttagagctagaaatagcaagttaaaataaggctag
20_alaA,alaA,VAL,GTC,13.0,ILE,ATT,37,15,CCG,TCG,gtcccccattgaaaaatccagcaaattagagaatATTtgttatgacATTcgtggtccggtgctgaaagaagcaaaacgcctggaa,non template / coding strand,CTTCTTTCAGCACCGGACCA,TCCTCTGGCGGAAAGCCTgtcccccattgaaaaatccagcaaattagagaatATTtgttatgacATTcgtggtccggtgctgaaagaagcaaaacgcctggaaGATCttgacagctagctcagtcctaggtataatactagtCTTCTTTCAGCACCGGACCAgttttagagctagaaatagcaagttaaaataaggctag
21_alaA,alaA,VAL,GTC,13.0,ILE,ATA,37,15,CCG,TCG,gtcccccattgaaaaatccagcaaattagagaatATAtgttatgacATTcgtggtccggtgctgaaagaagcaaaacgcctggaa,non template / coding strand,CTTCTTTCAGCACCGGACCA,TCCTCTGGCGGAAAGCCTgtcccccattgaaaaatccagcaaattagagaatATAtgttatgacATTcgtggtccggtgctgaaagaagcaaaacgcctggaaGATCttgacagctagctcagtcctaggtataatactagtCTTCTTTCAGCACCGGACCAgttttagagctagaaatagcaagttaaaataaggctag
22_alaA,alaA,SER,TCG,137.0,ALA,GCT,409,-14,TGG,-,cgaaatgttggttcctgcaccagattacccactctggaccgcggcggttGCTctttccagcggtaaagcggtgcattatctttgc,template / non coding strand,CTGCACCAGATTACCCACTC,TCCTCTGGCGGAAAGCCTcgaaatgttggttcctgcaccagattacccactctggaccgcggcggttGCTctttccagcggtaaagcggtgcattatctttgcGATCttgacagctagctcagtcctaggtataatactagtCTGCACCAGATTACCCACTCgttttagagctagaaatagcaagttaaaataaggctag
23_alaA,alaA,SER,TCG,137.0,ALA,GCG,409,-14,TGG,-,cgaaatgttggttcctgcaccagattacccactctggaccgcggcggttGCGctttccagcggtaaagcggtgcattatctttgc,template / non coding strand,CTGCACCAGATTACCCACTC,TCCTCTGGCGGAAAGCCTcgaaatgttggttcctgcaccagattacccactctggaccgcggcggttGCGctttccagcggtaaagcggtgcattatctttgcGATCttgacagctagctcagtcctaggtataatactagtCTGCACCAGATTACCCACTCgttttagagctagaaatagcaagttaaaataaggctag
24_alaA,alaA,SER,TCG,137.0,ALA,GCT,409,-7,CGG,CAG,aatgttggttcctgcaccagattacccactctggaccGCAgcggttGCTctttccagcggtaaagcggtgcattatctttgcgat,template / non coding strand,AGATTACCCACTCTGGACCG,TCCTCTGGCGGAAAGCCTaatgttggttcctgcaccagattacccactctggaccGCAgcggttGCTctttccagcggtaaagcggtgcattatctttgcgatGATCttgacagctagctcagtcctaggtataatactagtAGATTACCCACTCTGGACCGgttttagagctagaaatagcaagttaaaataaggctag
25_alaA,alaA,SER,TCG,137.0,ALA,GCG,409,-7,CGG,CAG,aatgttggttcctgcaccagattacccactctggaccGCAgcggttGCGctttccagcggtaaagcggtgcattatctttgcgat,template / non coding strand,AGATTACCCACTCTGGACCG,TCCTCTGGCGGAAAGCCTaatgttggttcctgcaccagattacccactctggaccGCAgcggttGCGctttccagcggtaaagcggtgcattatctttgcgatGATCttgacagctagctcagtcctaggtataatactagtAGATTACCCACTCTGGACCGgttttagagctagaaatagcaagttaaaataaggctag
26_alaA,alaA,SER,TCG,137.0,ALA,GCC,409,-7,CGG,CAG,aatgttggttcctgcaccagattacccactctggaccGCAgcggttGCCctttccagcggtaaagcggtgcattatctttgcgat,template / non coding strand,AGATTACCCACTCTGGACCG,TCCTCTGGCGGAAAGCCTaatgttggttcctgcaccagattacccactctggaccGCAgcggttGCCctttccagcggtaaagcggtgcattatctttgcgatGATCttgacagctagctcagtcctaggtataatactagtAGATTACCCACTCTGGACCGgttttagagctagaaatagcaagttaaaataaggctag
27_alaA,alaA,SER,TCG,137.0,ALA,GCT,409,-4,CGG,CAG,tgttggttcctgcaccagattacccactctggaccgcgGCAgttGCTctttccagcggtaaagcggtgcattatctttgcgatga,template / non coding strand,TTACCCACTCTGGACCGCGG,TCCTCTGGCGGAAAGCCTtgttggttcctgcaccagattacccactctggaccgcgGCAgttGCTctttccagcggtaaagcggtgcattatctttgcgatgaGATCttgacagctagctcagtcctaggtataatactagtTTACCCACTCTGGACCGCGGgttttagagctagaaatagcaagttaaaataaggctag
28_alaA,alaA,SER,TCG,137.0,ALA,GCG,409,-4,CGG,CAG,tgttggttcctgcaccagattacccactctggaccgcgGCAgttGCGctttccagcggtaaagcggtgcattatctttgcgatga,template / non coding strand,TTACCCACTCTGGACCGCGG,TCCTCTGGCGGAAAGCCTtgttggttcctgcaccagattacccactctggaccgcgGCAgttGCGctttccagcggtaaagcggtgcattatctttgcgatgaGATCttgacagctagctcagtcctaggtataatactagtTTACCCACTCTGGACCGCGGgttttagagctagaaatagcaagttaaaataaggctag
29_alaA,alaA,SER,TCG,137.0,ALA,GCC,409,-4,CGG,CAG,tgttggttcctgcaccagattacccactctggaccgcgGCAgttGCCctttccagcggtaaagcggtgcattatctttgcgatga,template / non coding strand,TTACCCACTCTGGACCGCGG,TCCTCTGGCGGAAAGCCTtgttggttcctgcaccagattacccactctggaccgcgGCAgttGCCctttccagcggtaaagcggtgcattatctttgcgatgaGATCttgacagctagctcagtcctaggtataatactagtTTACCCACTCTGGACCGCGGgttttagagctagaaatagcaagttaaaataaggctag
30_alaA,alaA,SER,TCG,137.0,ALA,GCT,409,-29,CCA,-,agcggggacgaaatgttggttcctgcaccagattacccactctggaccgcggcggttGCTctttccagcggtaaagcggtgcatt,non template / coding strand,GCGGTCCAGAGTGGGTAATC,TCCTCTGGCGGAAAGCCTagcggggacgaaatgttggttcctgcaccagattacccactctggaccgcggcggttGCTctttccagcggtaaagcggtgcattGATCttgacagctagctcagtcctaggtataatactagtGCGGTCCAGAGTGGGTAATCgttttagagctagaaatagcaagttaaaataaggctag
31_alaA,alaA,SER,TCG,137.0,ALA,GCG,409,-29,CCA,-,agcggggacgaaatgttggttcctgcaccagattacccactctggaccgcggcggttGCGctttccagcggtaaagcggtgcatt,non template / coding strand,GCGGTCCAGAGTGGGTAATC,TCCTCTGGCGGAAAGCCTagcggggacgaaatgttggttcctgcaccagattacccactctggaccgcggcggttGCGctttccagcggtaaagcggtgcattGATCttgacagctagctcagtcctaggtataatactagtGCGGTCCAGAGTGGGTAATCgttttagagctagaaatagcaagttaaaataaggctag
32_alaA,alaA,SER,TCG,137.0,ALA,GCT,409,-21,CCC,-,gggacgaaatgttggttcctgcaccagattacccactctggaccgcggcggttGCTctttccagcggtaaagcggtgcattatct,non template / coding strand,AAACCGCCGCGGTCCAGAGT,TCCTCTGGCGGAAAGCCTgggacgaaatgttggttcctgcaccagattacccactctggaccgcggcggttGCTctttccagcggtaaagcggtgcattatctGATCttgacagctagctcagtcctaggtataatactagtAAACCGCCGCGGTCCAGAGTgttttagagctagaaatagcaagttaaaataaggctag
33_alaA,alaA,SER,TCG,137.0,ALA,GCG,409,-21,CCC,-,gggacgaaatgttggttcctgcaccagattacccactctggaccgcggcggttGCGctttccagcggtaaagcggtgcattatct,non template / coding strand,AAACCGCCGCGGTCCAGAGT,TCCTCTGGCGGAAAGCCTgggacgaaatgttggttcctgcaccagattacccactctggaccgcggcggttGCGctttccagcggtaaagcggtgcattatctGATCttgacagctagctcagtcctaggtataatactagtAAACCGCCGCGGTCCAGAGTgttttagagctagaaatagcaagttaaaataaggctag
34_alaA,alaA,SER,TCG,137.0,ALA,GCT,409,-10,CCG,CTG,aaatgttggttcctgcaccagattacccactctggACTgcggcggttGCTctttccagcggtaaagcggtgcattatctttgcga,non template / coding strand,GCTGGAAAGCGAAACCGCCG,TCCTCTGGCGGAAAGCCTaaatgttggttcctgcaccagattacccactctggACTgcggcggttGCTctttccagcggtaaagcggtgcattatctttgcgaGATCttgacagctagctcagtcctaggtataatactagtGCTGGAAAGCGAAACCGCCGgttttagagctagaaatagcaagttaaaataaggctag
35_alaA,alaA,SER,TCG,137.0,ALA,GCG,409,-10,CCG,CTG,aaatgttggttcctgcaccagattacccactctggACTgcggcggttGCGctttccagcggtaaagcggtgcattatctttgcga,non template / coding strand,GCTGGAAAGCGAAACCGCCG,TCCTCTGGCGGAAAGCCTaaatgttggttcctgcaccagattacccactctggACTgcggcggttGCGctttccagcggtaaagcggtgcattatctttgcgaGATCttgacagctagctcagtcctaggtataatactagtGCTGGAAAGCGAAACCGCCGgttttagagctagaaatagcaagttaaaataaggctag
36_alaA,alaA,SER,TCG,137.0,ALA,GCC,409,-10,CCG,CTG,aaatgttggttcctgcaccagattacccactctggACTgcggcggttGCCctttccagcggtaaagcggtgcattatctttgcga,non template / coding strand,GCTGGAAAGCGAAACCGCCG,TCCTCTGGCGGAAAGCCTaaatgttggttcctgcaccagattacccactctggACTgcggcggttGCCctttccagcggtaaagcggtgcattatctttgcgaGATCttgacagctagctcagtcctaggtataatactagtGCTGGAAAGCGAAACCGCCGgttttagagctagaaatagcaagttaaaataaggctag
37_alaA,alaA,ASP,GAC,157.0,ASN,AAT,469,-8,TGG,-,taaagcggtgcattatctttgcgatgaatcctctgactggttcccgAATctcgatgatattcgcgctaaaattacgcctcgtacg,template / non coding strand,TTTGCGATGAATCCTCTGAC,TCCTCTGGCGGAAAGCCTtaaagcggtgcattatctttgcgatgaatcctctgactggttcccgAATctcgatgatattcgcgctaaaattacgcctcgtacgGATCttgacagctagctcagtcctaggtataatactagtTTTGCGATGAATCCTCTGACgttttagagctagaaatagcaagttaaaataaggctag
38_alaA,alaA,ASP,GAC,157.0,ASN,AAT,469,-1,CGG,-,agcggtgcattatctttgcgatgaatcctctgactggttcccgAATctcgatgatattcgcgctaaaattacgcctcgtacgcgt,template / non coding strand,TGAATCCTCTGACTGGTTCC,TCCTCTGGCGGAAAGCCTagcggtgcattatctttgcgatgaatcctctgactggttcccgAATctcgatgatattcgcgctaaaattacgcctcgtacgcgtGATCttgacagctagctcagtcctaggtataatactagtTGAATCCTCTGACTGGTTCCgttttagagctagaaatagcaagttaaaataaggctag
39_alaA,alaA,ASP,GAC,157.0,ASN,AAC,469,-16,CCT,CTT,gcggtaaagcggtgcattatctttgcgatgaaTCTtctgactggttcccgAACctcgatgatattcgcgctaaaattacgcctcg,non template / coding strand,GAGGTCCGGGAACCAGTCAG,TCCTCTGGCGGAAAGCCTgcggtaaagcggtgcattatctttgcgatgaaTCTtctgactggttcccgAACctcgatgatattcgcgctaaaattacgcctcgGATCttgacagctagctcagtcctaggtataatactagtGAGGTCCGGGAACCAGTCAGgttttagagctagaaatagcaagttaaaataaggctag
40_alaA,alaA,ASP,GAC,157.0,ASN,AAT,469,-16,CCT,CTT,gcggtaaagcggtgcattatctttgcgatgaaTCTtctgactggttcccgAATctcgatgatattcgcgctaaaattacgcctcg,non template / coding strand,GAGGTCCGGGAACCAGTCAG,TCCTCTGGCGGAAAGCCTgcggtaaagcggtgcattatctttgcgatgaaTCTtctgactggttcccgAATctcgatgatattcgcgctaaaattacgcctcgGATCttgacagctagctcagtcctaggtataatactagtGAGGTCCGGGAACCAGTCAGgttttagagctagaaatagcaagttaaaataaggctag
41_alaA,alaA,ASP,GAC,157.0,ASN,AAT,469,-3,CCC,-,aagcggtgcattatctttgcgatgaatcctctgactggttcccgAATctcgatgatattcgcgctaaaattacgcctcgtacgcg,non template / coding strand,CGCGAATATCATCGAGGTCC,TCCTCTGGCGGAAAGCCTaagcggtgcattatctttgcgatgaatcctctgactggttcccgAATctcgatgatattcgcgctaaaattacgcctcgtacgcgGATCttgacagctagctcagtcctaggtataatactagtCGCGAATATCATCGAGGTCCgttttagagctagaaatagcaagttaaaataaggctag
42_alaA,alaA,PRO,CCT,167.0,SER,AGT,499,-27,CCT,-,gcgatgaatcctctgactggttcccggacctcgatgatattcgcgctaaaattacgAGTcgtacgcgtgggatcgttattatcaa,non template / coding strand,TTTTAGCGCGAATATCATCG,TCCTCTGGCGGAAAGCCTgcgatgaatcctctgactggttcccggacctcgatgatattcgcgctaaaattacgAGTcgtacgcgtgggatcgttattatcaaGATCttgacagctagctcagtcctaggtataatactagtTTTTAGCGCGAATATCATCGgttttagagctagaaatagcaagttaaaataaggctag
43_alaA,alaA,PRO,CCT,167.0,SER,TCG,499,-27,CCT,-,gcgatgaatcctctgactggttcccggacctcgatgatattcgcgctaaaattacgTCGcgtacgcgtgggatcgttattatcaa,non template / coding strand,TTTTAGCGCGAATATCATCG,TCCTCTGGCGGAAAGCCTgcgatgaatcctctgactggttcccggacctcgatgatattcgcgctaaaattacgTCGcgtacgcgtgggatcgttattatcaaGATCttgacagctagctcagtcctaggtataatactagtTTTTAGCGCGAATATCATCGgttttagagctagaaatagcaagttaaaataaggctag
44_alaA,alaA,PRO,CCT,167.0,SER,TCT,499,-27,CCT,-,gcgatgaatcctctgactggttcccggacctcgatgatattcgcgctaaaattacgTCTcgtacgcgtgggatcgttattatcaa,non template / coding strand,TTTTAGCGCGAATATCATCG,TCCTCTGGCGGAAAGCCTgcgatgaatcctctgactggttcccggacctcgatgatattcgcgctaaaattacgTCTcgtacgcgtgggatcgttattatcaaGATCttgacagctagctcagtcctaggtataatactagtTTTTAGCGCGAATATCATCGgttttagagctagaaatagcaagttaaaataaggctag
45_alaA,alaA,PRO,CCT,167.0,SER,TCA,499,-27,CCT,-,gcgatgaatcctctgactggttcccggacctcgatgatattcgcgctaaaattacgTCAcgtacgcgtgggatcgttattatcaa,non template / coding strand,TTTTAGCGCGAATATCATCG,TCCTCTGGCGGAAAGCCTgcgatgaatcctctgactggttcccggacctcgatgatattcgcgctaaaattacgTCAcgtacgcgtgggatcgttattatcaaGATCttgacagctagctcagtcctaggtataatactagtTTTTAGCGCGAATATCATCGgttttagagctagaaatagcaagttaaaataaggctag
46_alaA,alaA,PRO,CCT,167.0,SER,AGT,499,30,CCC,TCC,ctcgatgatattcgcgctaaaattacgAGTcgtacgcgtgggatcgttattatcAATccaaataacccaaccggcgcggtatatt,non template / coding strand,CCGCGCCGGTTGGGTTATTT,TCCTCTGGCGGAAAGCCTctcgatgatattcgcgctaaaattacgAGTcgtacgcgtgggatcgttattatcAATccaaataacccaaccggcgcggtatattGATCttgacagctagctcagtcctaggtataatactagtCCGCGCCGGTTGGGTTATTTgttttagagctagaaatagcaagttaaaataaggctag
47_alaA,alaA,PRO,CCT,167.0,SER,AGC,499,30,CCC,TCC,ctcgatgatattcgcgctaaaattacgAGCcgtacgcgtgggatcgttattatcAATccaaataacccaaccggcgcggtatatt,non template / coding strand,CCGCGCCGGTTGGGTTATTT,TCCTCTGGCGGAAAGCCTctcgatgatattcgcgctaaaattacgAGCcgtacgcgtgggatcgttattatcAATccaaataacccaaccggcgcggtatattGATCttgacagctagctcagtcctaggtataatactagtCCGCGCCGGTTGGGTTATTTgttttagagctagaaatagcaagttaaaataaggctag
48_alaA,alaA,PRO,CCT,167.0,SER,TCG,499,30,CCC,TCC,ctcgatgatattcgcgctaaaattacgTCGcgtacgcgtgggatcgttattatcAATccaaataacccaaccggcgcggtatatt,non template / coding strand,CCGCGCCGGTTGGGTTATTT,TCCTCTGGCGGAAAGCCTctcgatgatattcgcgctaaaattacgTCGcgtacgcgtgggatcgttattatcAATccaaataacccaaccggcgcggtatattGATCttgacagctagctcagtcctaggtataatactagtCCGCGCCGGTTGGGTTATTTgttttagagctagaaatagcaagttaaaataaggctag
49_alaA,alaA,PRO,CCT,167.0,SER,TCT,499,30,CCC,TCC,ctcgatgatattcgcgctaaaattacgTCTcgtacgcgtgggatcgttattatcAATccaaataacccaaccggcgcggtatatt,non template / coding strand,CCGCGCCGGTTGGGTTATTT,TCCTCTGGCGGAAAGCCTctcgatgatattcgcgctaaaattacgTCTcgtacgcgtgggatcgttattatcAATccaaataacccaaccggcgcggtatattGATCttgacagctagctcagtcctaggtataatactagtCCGCGCCGGTTGGGTTATTTgttttagagctagaaatagcaagttaaaataaggctag
50_alaA,alaA,PRO,CCT,167.0,SER,TCA,499,30,CCC,TCC,ctcgatgatattcgcgctaaaattacgTCAcgtacgcgtgggatcgttattatcAATccaaataacccaaccggcgcggtatatt,non template / coding strand,CCGCGCCGGTTGGGTTATTT,TCCTCTGGCGGAAAGCCTctcgatgatattcgcgctaaaattacgTCAcgtacgcgtgggatcgttattatcAATccaaataacccaaccggcgcggtatattGATCttgacagctagctcagtcctaggtataatactagtCCGCGCCGGTTGGGTTATTTgttttagagctagaaatagcaagttaaaataaggctag
51_alaA,alaA,MET,ATG,191.0,ILE,ATT,571,-27,CGG,-,tcgttattatcaacccaaataacccaaccggcgcggtatattccaaagagcttttaATTgagattgtggagattgcacgtcagca,template / non coding strand,TCAACCCAAATAACCCAACC,TCCTCTGGCGGAAAGCCTtcgttattatcaacccaaataacccaaccggcgcggtatattccaaagagcttttaATTgagattgtggagattgcacgtcagcaGATCttgacagctagctcagtcctaggtataatactagtTCAACCCAAATAACCCAACCgttttagagctagaaatagcaagttaaaataaggctag
52_alaA,alaA,MET,ATG,191.0,ILE,ATA,571,-27,CGG,-,tcgttattatcaacccaaataacccaaccggcgcggtatattccaaagagcttttaATAgagattgtggagattgcacgtcagca,template / non coding strand,TCAACCCAAATAACCCAACC,TCCTCTGGCGGAAAGCCTtcgttattatcaacccaaataacccaaccggcgcggtatattccaaagagcttttaATAgagattgtggagattgcacgtcagcaGATCttgacagctagctcagtcctaggtataatactagtTCAACCCAAATAACCCAACCgttttagagctagaaatagcaagttaaaataaggctag
53_alaA,alaA,MET,ATG,191.0,ILE,ATC,571,-27,CGG,-,tcgttattatcaacccaaataacccaaccggcgcggtatattccaaagagcttttaATCgagattgtggagattgcacgtcagca,template / non coding strand,TCAACCCAAATAACCCAACC,TCCTCTGGCGGAAAGCCTtcgttattatcaacccaaataacccaaccggcgcggtatattccaaagagcttttaATCgagattgtggagattgcacgtcagcaGATCttgacagctagctcagtcctaggtataatactagtTCAACCCAAATAACCCAACCgttttagagctagaaatagcaagttaaaataaggctag
54_alaA,alaA,MET,ATG,191.0,ILE,ATT,571,-22,CGG,CAG,ttattatcaacccaaataacccaaccggcGCAgtatattccaaagagcttttaATTgagattgtggagattgcacgtcagcataa,template / non coding strand,CCCAAATAACCCAACCGGCG,TCCTCTGGCGGAAAGCCTttattatcaacccaaataacccaaccggcGCAgtatattccaaagagcttttaATTgagattgtggagattgcacgtcagcataaGATCttgacagctagctcagtcctaggtataatactagtCCCAAATAACCCAACCGGCGgttttagagctagaaatagcaagttaaaataaggctag
55_alaA,alaA,MET,ATG,191.0,ILE,ATA,571,-22,CGG,CAG,ttattatcaacccaaataacccaaccggcGCAgtatattccaaagagcttttaATAgagattgtggagattgcacgtcagcataa,template / non coding strand,CCCAAATAACCCAACCGGCG,TCCTCTGGCGGAAAGCCTttattatcaacccaaataacccaaccggcGCAgtatattccaaagagcttttaATAgagattgtggagattgcacgtcagcataaGATCttgacagctagctcagtcctaggtataatactagtCCCAAATAACCCAACCGGCGgttttagagctagaaatagcaagttaaaataaggctag
56_alaA,alaA,MET,ATG,191.0,ILE,ATC,571,-22,CGG,CAG,ttattatcaacccaaataacccaaccggcGCAgtatattccaaagagcttttaATCgagattgtggagattgcacgtcagcataa,template / non coding strand,CCCAAATAACCCAACCGGCG,TCCTCTGGCGGAAAGCCTttattatcaacccaaataacccaaccggcGCAgtatattccaaagagcttttaATCgagattgtggagattgcacgtcagcataaGATCttgacagctagctcagtcctaggtataatactagtCCCAAATAACCCAACCGGCGgttttagagctagaaatagcaagttaaaataaggctag
57_alaA,alaA,MET,ATG,191.0,ILE,ATT,571,-28,CCG,CTG,tcgttattatcaacccaaataacccaACTggcgcggtatattccaaagagcttttaATTgagattgtggagattgcacgtcagca,non template / coding strand,CTCTTTGGAATATACCGCGC,TCCTCTGGCGGAAAGCCTtcgttattatcaacccaaataacccaACTggcgcggtatattccaaagagcttttaATTgagattgtggagattgcacgtcagcaGATCttgacagctagctcagtcctaggtataatactagtCTCTTTGGAATATACCGCGCgttttagagctagaaatagcaagttaaaataaggctag
58_alaA,alaA,MET,ATG,191.0,ILE,ATA,571,-28,CCG,CTG,tcgttattatcaacccaaataacccaACTggcgcggtatattccaaagagcttttaATAgagattgtggagattgcacgtcagca,non template / coding strand,CTCTTTGGAATATACCGCGC,TCCTCTGGCGGAAAGCCTtcgttattatcaacccaaataacccaACTggcgcggtatattccaaagagcttttaATAgagattgtggagattgcacgtcagcaGATCttgacagctagctcagtcctaggtataatactagtCTCTTTGGAATATACCGCGCgttttagagctagaaatagcaagttaaaataaggctag
59_alaA,alaA,MET,ATG,191.0,ILE,ATC,571,-28,CCG,CTG,tcgttattatcaacccaaataacccaACTggcgcggtatattccaaagagcttttaATCgagattgtggagattgcacgtcagca,non template / coding strand,CTCTTTGGAATATACCGCGC,TCCTCTGGCGGAAAGCCTtcgttattatcaacccaaataacccaACTggcgcggtatattccaaagagcttttaATCgagattgtggagattgcacgtcagcaGATCttgacagctagctcagtcctaggtataatactagtCTCTTTGGAATATACCGCGCgttttagagctagaaatagcaagttaaaataaggctag
60_alaA,alaA,MET,ATG,191.0,ILE,ATT,571,-13,CCA,CTA,tatcaacccaaataacccaaccggcgcggtatatTCTaaagagcttttaATTgagattgtggagattgcacgtcagcataatctc,non template / coding strand,AATCTCCATTAAAAGCTCTT,TCCTCTGGCGGAAAGCCTtatcaacccaaataacccaaccggcgcggtatatTCTaaagagcttttaATTgagattgtggagattgcacgtcagcataatctcGATCttgacagctagctcagtcctaggtataatactagtAATCTCCATTAAAAGCTCTTgttttagagctagaaatagcaagttaaaataaggctag
61_alaA,alaA,MET,ATG,191.0,ILE,ATA,571,-13,CCA,CTA,tatcaacccaaataacccaaccggcgcggtatatTCTaaagagcttttaATAgagattgtggagattgcacgtcagcataatctc,non template / coding strand,AATCTCCATTAAAAGCTCTT,TCCTCTGGCGGAAAGCCTtatcaacccaaataacccaaccggcgcggtatatTCTaaagagcttttaATAgagattgtggagattgcacgtcagcataatctcGATCttgacagctagctcagtcctaggtataatactagtAATCTCCATTAAAAGCTCTTgttttagagctagaaatagcaagttaaaataaggctag
62_alaA,alaA,MET,ATG,191.0,ILE,ATC,571,-13,CCA,CTA,tatcaacccaaataacccaaccggcgcggtatatTCTaaagagcttttaATCgagattgtggagattgcacgtcagcataatctc,non template / coding strand,AATCTCCATTAAAAGCTCTT,TCCTCTGGCGGAAAGCCTtatcaacccaaataacccaaccggcgcggtatatTCTaaagagcttttaATCgagattgtggagattgcacgtcagcataatctcGATCttgacagctagctcagtcctaggtataatactagtAATCTCCATTAAAAGCTCTTgttttagagctagaaatagcaagttaaaataaggctag
63_alaA,alaA,ALA,GCA,197.0,VAL,GTT,589,-16,TGG,-,caaccggcgcggtatattccaaagagcttttaatggagattgtggagattGTTcgtcagcataatctcattatcttcgccgatga,template / non coding strand,ATATTCCAAAGAGCTTTTAA,TCCTCTGGCGGAAAGCCTcaaccggcgcggtatattccaaagagcttttaatggagattgtggagattGTTcgtcagcataatctcattatcttcgccgatgaGATCttgacagctagctcagtcctaggtataatactagtATATTCCAAAGAGCTTTTAAgttttagagctagaaatagcaagttaaaataaggctag
64_alaA,alaA,ALA,GCA,197.0,VAL,GTG,589,-16,TGG,-,caaccggcgcggtatattccaaagagcttttaatggagattgtggagattGTGcgtcagcataatctcattatcttcgccgatga,template / non coding strand,ATATTCCAAAGAGCTTTTAA,TCCTCTGGCGGAAAGCCTcaaccggcgcggtatattccaaagagcttttaatggagattgtggagattGTGcgtcagcataatctcattatcttcgccgatgaGATCttgacagctagctcagtcctaggtataatactagtATATTCCAAAGAGCTTTTAAgttttagagctagaaatagcaagttaaaataaggctag
65_alaA,alaA,ALA,GCA,197.0,VAL,GTC,589,-7,TGG,TTG,cggcgcggtatattccaaagagcttttaatggagattGTTgagattGTCcgtcagcataatctcattatcttcgccgatgaaatt,template / non coding strand,AGAGCTTTTAATGGAGATTG,TCCTCTGGCGGAAAGCCTcggcgcggtatattccaaagagcttttaatggagattGTTgagattGTCcgtcagcataatctcattatcttcgccgatgaaattGATCttgacagctagctcagtcctaggtataatactagtAGAGCTTTTAATGGAGATTGgttttagagctagaaatagcaagttaaaataaggctag
66_alaA,alaA,ALA,GCA,197.0,VAL,GTT,589,-7,TGG,TTG,cggcgcggtatattccaaagagcttttaatggagattGTTgagattGTTcgtcagcataatctcattatcttcgccgatgaaatt,template / non coding strand,AGAGCTTTTAATGGAGATTG,TCCTCTGGCGGAAAGCCTcggcgcggtatattccaaagagcttttaatggagattGTTgagattGTTcgtcagcataatctcattatcttcgccgatgaaattGATCttgacagctagctcagtcctaggtataatactagtAGAGCTTTTAATGGAGATTGgttttagagctagaaatagcaagttaaaataaggctag
67_alaA,alaA,ALA,GCA,197.0,VAL,GTG,589,-7,TGG,TTG,cggcgcggtatattccaaagagcttttaatggagattGTTgagattGTGcgtcagcataatctcattatcttcgccgatgaaatt,template / non coding strand,AGAGCTTTTAATGGAGATTG,TCCTCTGGCGGAAAGCCTcggcgcggtatattccaaagagcttttaatggagattGTTgagattGTGcgtcagcataatctcattatcttcgccgatgaaattGATCttgacagctagctcagtcctaggtataatactagtAGAGCTTTTAATGGAGATTGgttttagagctagaaatagcaagttaaaataaggctag
68_alaA,alaA,PRO,CCG,225.0,ALA,GCA,673,15,CCT,TCT,tctctacgacgacgctgagcatcactcaattgcgGCActggcacctGATctgctgaccattacctttaacggactgtcgaaaacg,non template / coding strand,CGTTAAAGGTAATGGTCAGC,TCCTCTGGCGGAAAGCCTtctctacgacgacgctgagcatcactcaattgcgGCActggcacctGATctgctgaccattacctttaacggactgtcgaaaacgGATCttgacagctagctcagtcctaggtataatactagtCGTTAAAGGTAATGGTCAGCgttttagagctagaaatagcaagttaaaataaggctag
69_alaA,alaA,PRO,CCG,225.0,ALA,GCT,673,15,CCT,TCT,tctctacgacgacgctgagcatcactcaattgcgGCTctggcacctGATctgctgaccattacctttaacggactgtcgaaaacg,non template / coding strand,CGTTAAAGGTAATGGTCAGC,TCCTCTGGCGGAAAGCCTtctctacgacgacgctgagcatcactcaattgcgGCTctggcacctGATctgctgaccattacctttaacggactgtcgaaaacgGATCttgacagctagctcagtcctaggtataatactagtCGTTAAAGGTAATGGTCAGCgttttagagctagaaatagcaagttaaaataaggctag
70_alaA,alaA,PRO,CCG,225.0,ALA,GCG,673,15,CCT,TCT,tctctacgacgacgctgagcatcactcaattgcgGCGctggcacctGATctgctgaccattacctttaacggactgtcgaaaacg,non template / coding strand,CGTTAAAGGTAATGGTCAGC,TCCTCTGGCGGAAAGCCTtctctacgacgacgctgagcatcactcaattgcgGCGctggcacctGATctgctgaccattacctttaacggactgtcgaaaacgGATCttgacagctagctcagtcctaggtataatactagtCGTTAAAGGTAATGGTCAGCgttttagagctagaaatagcaagttaaaataaggctag
71_alaA,alaA,PRO,CCG,225.0,ALA,GCC,673,15,CCT,TCT,tctctacgacgacgctgagcatcactcaattgcgGCCctggcacctGATctgctgaccattacctttaacggactgtcgaaaacg,non template / coding strand,CGTTAAAGGTAATGGTCAGC,TCCTCTGGCGGAAAGCCTtctctacgacgacgctgagcatcactcaattgcgGCCctggcacctGATctgctgaccattacctttaacggactgtcgaaaacgGATCttgacagctagctcagtcctaggtataatactagtCGTTAAAGGTAATGGTCAGCgttttagagctagaaatagcaagttaaaataaggctag
72_alaA,alaA,SER,TCG,239.0,PRO,CCT,715,-6,CGG,-,gcgccgctggcacctgacctgctgaccattacctttaacggactgCCTaaaacgtaccgcgttgcaggcttccgtcaggggtgga,template / non coding strand,TGCTGACCATTACCTTTAAC,TCCTCTGGCGGAAAGCCTgcgccgctggcacctgacctgctgaccattacctttaacggactgCCTaaaacgtaccgcgttgcaggcttccgtcaggggtggaGATCttgacagctagctcagtcctaggtataatactagtTGCTGACCATTACCTTTAACgttttagagctagaaatagcaagttaaaataaggctag
73_alaA,alaA,SER,TCG,239.0,PRO,CCC,715,-6,CGG,-,gcgccgctggcacctgacctgctgaccattacctttaacggactgCCCaaaacgtaccgcgttgcaggcttccgtcaggggtgga,template / non coding strand,TGCTGACCATTACCTTTAAC,TCCTCTGGCGGAAAGCCTgcgccgctggcacctgacctgctgaccattacctttaacggactgCCCaaaacgtaccgcgttgcaggcttccgtcaggggtggaGATCttgacagctagctcagtcctaggtataatactagtTGCTGACCATTACCTTTAACgttttagagctagaaatagcaagttaaaataaggctag
74_alaA,alaA,SER,TCG,239.0,PRO,CCA,715,-6,CGG,-,gcgccgctggcacctgacctgctgaccattacctttaacggactgCCAaaaacgtaccgcgttgcaggcttccgtcaggggtgga,template / non coding strand,TGCTGACCATTACCTTTAAC,TCCTCTGGCGGAAAGCCTgcgccgctggcacctgacctgctgaccattacctttaacggactgCCAaaaacgtaccgcgttgcaggcttccgtcaggggtggaGATCttgacagctagctcagtcctaggtataatactagtTGCTGACCATTACCTTTAACgttttagagctagaaatagcaagttaaaataaggctag
75_alaA,alaA,SER,TCG,239.0,PRO,CCT,715,-27,CCT,CTT,atcactcaattgcgccgctggcacctgacTTGctgaccattacctttaacggactgCCTaaaacgtaccgcgttgcaggcttccg,non template / coding strand,CGTTAAAGGTAATGGTCAGC,TCCTCTGGCGGAAAGCCTatcactcaattgcgccgctggcacctgacTTGctgaccattacctttaacggactgCCTaaaacgtaccgcgttgcaggcttccgGATCttgacagctagctcagtcctaggtataatactagtCGTTAAAGGTAATGGTCAGCgttttagagctagaaatagcaagttaaaataaggctag
76_alaA,alaA,SER,TCG,239.0,PRO,CCC,715,-27,CCT,CTT,atcactcaattgcgccgctggcacctgacTTGctgaccattacctttaacggactgCCCaaaacgtaccgcgttgcaggcttccg,non template / coding strand,CGTTAAAGGTAATGGTCAGC,TCCTCTGGCGGAAAGCCTatcactcaattgcgccgctggcacctgacTTGctgaccattacctttaacggactgCCCaaaacgtaccgcgttgcaggcttccgGATCttgacagctagctcagtcctaggtataatactagtCGTTAAAGGTAATGGTCAGCgttttagagctagaaatagcaagttaaaataaggctag
77_alaA,alaA,SER,TCG,239.0,PRO,CCA,715,-27,CCT,CTT,atcactcaattgcgccgctggcacctgacTTGctgaccattacctttaacggactgCCAaaaacgtaccgcgttgcaggcttccg,non template / coding strand,CGTTAAAGGTAATGGTCAGC,TCCTCTGGCGGAAAGCCTatcactcaattgcgccgctggcacctgacTTGctgaccattacctttaacggactgCCAaaaacgtaccgcgttgcaggcttccgGATCttgacagctagctcagtcctaggtataatactagtCGTTAAAGGTAATGGTCAGCgttttagagctagaaatagcaagttaaaataaggctag
78_alaA,alaA,SER,TCG,239.0,PRO,CCT,715,-19,CCA,CTA,ctcaattgcgccgctggcacctgacctgctgACTattacctttaacggactgCCTaaaacgtaccgcgttgcaggcttccgtcag,non template / coding strand,CGACAGTCCGTTAAAGGTAA,TCCTCTGGCGGAAAGCCTctcaattgcgccgctggcacctgacctgctgACTattacctttaacggactgCCTaaaacgtaccgcgttgcaggcttccgtcagGATCttgacagctagctcagtcctaggtataatactagtCGACAGTCCGTTAAAGGTAAgttttagagctagaaatagcaagttaaaataaggctag
79_alaA,alaA,SER,TCG,239.0,PRO,CCC,715,-19,CCA,CTA,ctcaattgcgccgctggcacctgacctgctgACTattacctttaacggactgCCCaaaacgtaccgcgttgcaggcttccgtcag,non template / coding strand,CGACAGTCCGTTAAAGGTAA,TCCTCTGGCGGAAAGCCTctcaattgcgccgctggcacctgacctgctgACTattacctttaacggactgCCCaaaacgtaccgcgttgcaggcttccgtcagGATCttgacagctagctcagtcctaggtataatactagtCGACAGTCCGTTAAAGGTAAgttttagagctagaaatagcaagttaaaataaggctag
80_alaA,alaA,SER,TCG,239.0,PRO,CCA,715,-19,CCA,CTA,ctcaattgcgccgctggcacctgacctgctgACTattacctttaacggactgCCAaaaacgtaccgcgttgcaggcttccgtcag,non template / coding strand,CGACAGTCCGTTAAAGGTAA,TCCTCTGGCGGAAAGCCTctcaattgcgccgctggcacctgacctgctgACTattacctttaacggactgCCAaaaacgtaccgcgttgcaggcttccgtcagGATCttgacagctagctcagtcctaggtataatactagtCGACAGTCCGTTAAAGGTAAgttttagagctagaaatagcaagttaaaataaggctag
81_alaA,alaA,SER,TCG,239.0,PRO,CCT,715,-13,CCT,CTT,aattgcgccgctggcacctgacctgctgaccattACTtttaacggactgCCTaaaacgtaccgcgttgcaggcttccgtcagggg,non template / coding strand,CGTTTTCGACAGTCCGTTAA,TCCTCTGGCGGAAAGCCTaattgcgccgctggcacctgacctgctgaccattACTtttaacggactgCCTaaaacgtaccgcgttgcaggcttccgtcaggggGATCttgacagctagctcagtcctaggtataatactagtCGTTTTCGACAGTCCGTTAAgttttagagctagaaatagcaagttaaaataaggctag
82_alaA,alaA,SER,TCG,239.0,PRO,CCC,715,-13,CCT,CTT,aattgcgccgctggcacctgacctgctgaccattACTtttaacggactgCCCaaaacgtaccgcgttgcaggcttccgtcagggg,non template / coding strand,CGTTTTCGACAGTCCGTTAA,TCCTCTGGCGGAAAGCCTaattgcgccgctggcacctgacctgctgaccattACTtttaacggactgCCCaaaacgtaccgcgttgcaggcttccgtcaggggGATCttgacagctagctcagtcctaggtataatactagtCGTTTTCGACAGTCCGTTAAgttttagagctagaaatagcaagttaaaataaggctag
83_alaA,alaA,SER,TCG,239.0,PRO,CCA,715,-13,CCT,CTT,aattgcgccgctggcacctgacctgctgaccattACTtttaacggactgCCAaaaacgtaccgcgttgcaggcttccgtcagggg,non template / coding strand,CGTTTTCGACAGTCCGTTAA,TCCTCTGGCGGAAAGCCTaattgcgccgctggcacctgacctgctgaccattACTtttaacggactgCCAaaaacgtaccgcgttgcaggcttccgtcaggggGATCttgacagctagctcagtcctaggtataatactagtCGTTTTCGACAGTCCGTTAAgttttagagctagaaatagcaagttaaaataaggctag
84_alaA,alaA,SER,TCG,239.0,PRO,CCT,715,12,CCG,TCG,gcacctgacctgctgaccattacctttaacggactgCCTaaaacgTATcgcgttgcaggcttccgtcaggggtggatggtgttga,non template / coding strand,CCTGACGGAAGCCTGCAACG,TCCTCTGGCGGAAAGCCTgcacctgacctgctgaccattacctttaacggactgCCTaaaacgTATcgcgttgcaggcttccgtcaggggtggatggtgttgaGATCttgacagctagctcagtcctaggtataatactagtCCTGACGGAAGCCTGCAACGgttttagagctagaaatagcaagttaaaataaggctag
85_alaA,alaA,SER,TCG,239.0,PRO,CCC,715,12,CCG,TCG,gcacctgacctgctgaccattacctttaacggactgCCCaaaacgTATcgcgttgcaggcttccgtcaggggtggatggtgttga,non template / coding strand,CCTGACGGAAGCCTGCAACG,TCCTCTGGCGGAAAGCCTgcacctgacctgctgaccattacctttaacggactgCCCaaaacgTATcgcgttgcaggcttccgtcaggggtggatggtgttgaGATCttgacagctagctcagtcctaggtataatactagtCCTGACGGAAGCCTGCAACGgttttagagctagaaatagcaagttaaaataaggctag
86_alaA,alaA,SER,TCG,239.0,PRO,CCA,715,12,CCG,TCG,gcacctgacctgctgaccattacctttaacggactgCCAaaaacgTATcgcgttgcaggcttccgtcaggggtggatggtgttga,non template / coding strand,CCTGACGGAAGCCTGCAACG,TCCTCTGGCGGAAAGCCTgcacctgacctgctgaccattacctttaacggactgCCAaaaacgTATcgcgttgcaggcttccgtcaggggtggatggtgttgaGATCttgacagctagctcagtcctaggtataatactagtCCTGACGGAAGCCTGCAACGgttttagagctagaaatagcaagttaaaataaggctag
87_alaA,alaA,SER,TCG,239.0,PRO,CCT,715,27,CCG,TCG,cctgctgaccattacctttaacggactgCCTaaaacgtaccgcgttgcaggcTTTcgtcaggggtggatggtgttgaacgggccg,non template / coding strand,TCAACACCATCCACCCCTGA,TCCTCTGGCGGAAAGCCTcctgctgaccattacctttaacggactgCCTaaaacgtaccgcgttgcaggcTTTcgtcaggggtggatggtgttgaacgggccgGATCttgacagctagctcagtcctaggtataatactagtTCAACACCATCCACCCCTGAgttttagagctagaaatagcaagttaaaataaggctag
88_alaA,alaA,SER,TCG,239.0,PRO,CCC,715,27,CCG,TCG,cctgctgaccattacctttaacggactgCCCaaaacgtaccgcgttgcaggcTTTcgtcaggggtggatggtgttgaacgggccg,non template / coding strand,TCAACACCATCCACCCCTGA,TCCTCTGGCGGAAAGCCTcctgctgaccattacctttaacggactgCCCaaaacgtaccgcgttgcaggcTTTcgtcaggggtggatggtgttgaacgggccgGATCttgacagctagctcagtcctaggtataatactagtTCAACACCATCCACCCCTGAgttttagagctagaaatagcaagttaaaataaggctag
89_alaA,alaA,SER,TCG,239.0,PRO,CCA,715,27,CCG,TCG,cctgctgaccattacctttaacggactgCCAaaaacgtaccgcgttgcaggcTTTcgtcaggggtggatggtgttgaacgggccg,non template / coding strand,TCAACACCATCCACCCCTGA,TCCTCTGGCGGAAAGCCTcctgctgaccattacctttaacggactgCCAaaaacgtaccgcgttgcaggcTTTcgtcaggggtggatggtgttgaacgggccgGATCttgacagctagctcagtcctaggtataatactagtTCAACACCATCCACCCCTGAgttttagagctagaaatagcaagttaaaataaggctag
90_alaA,alaA,VAL,GTT,244.0,ILE,ATT,730,-21,CGG,-,tggcacctgacctgctgaccattacctttaacggactgtcgaaaacgtaccgcATTgcaggcttccgtcaggggtggatggtgtt,template / non coding strand,TGCTGACCATTACCTTTAAC,TCCTCTGGCGGAAAGCCTtggcacctgacctgctgaccattacctttaacggactgtcgaaaacgtaccgcATTgcaggcttccgtcaggggtggatggtgttGATCttgacagctagctcagtcctaggtataatactagtTGCTGACCATTACCTTTAACgttttagagctagaaatagcaagttaaaataaggctag
91_alaA,alaA,VAL,GTT,244.0,ILE,ATA,730,-21,CGG,-,tggcacctgacctgctgaccattacctttaacggactgtcgaaaacgtaccgcATAgcaggcttccgtcaggggtggatggtgtt,template / non coding strand,TGCTGACCATTACCTTTAAC,TCCTCTGGCGGAAAGCCTtggcacctgacctgctgaccattacctttaacggactgtcgaaaacgtaccgcATAgcaggcttccgtcaggggtggatggtgttGATCttgacagctagctcagtcctaggtataatactagtTGCTGACCATTACCTTTAACgttttagagctagaaatagcaagttaaaataaggctag
92_alaA,alaA,VAL,GTT,244.0,ILE,ATT,730,-28,CCT,CTT,cgctggcacctgacctgctgaccattACTtttaacggactgtcgaaaacgtaccgcATTgcaggcttccgtcaggggtggatggt,non template / coding strand,CGTTTTCGACAGTCCGTTAA,TCCTCTGGCGGAAAGCCTcgctggcacctgacctgctgaccattACTtttaacggactgtcgaaaacgtaccgcATTgcaggcttccgtcaggggtggatggtGATCttgacagctagctcagtcctaggtataatactagtCGTTTTCGACAGTCCGTTAAgttttagagctagaaatagcaagttaaaataaggctag
93_alaA,alaA,VAL,GTT,244.0,ILE,ATA,730,-28,CCT,CTT,cgctggcacctgacctgctgaccattACTtttaacggactgtcgaaaacgtaccgcATAgcaggcttccgtcaggggtggatggt,non template / coding strand,CGTTTTCGACAGTCCGTTAA,TCCTCTGGCGGAAAGCCTcgctggcacctgacctgctgaccattACTtttaacggactgtcgaaaacgtaccgcATAgcaggcttccgtcaggggtggatggtGATCttgacagctagctcagtcctaggtataatactagtCGTTTTCGACAGTCCGTTAAgttttagagctagaaatagcaagttaaaataaggctag
94_alaA,alaA,VAL,GTT,244.0,ILE,ATT,730,-3,CCG,-,acctgctgaccattacctttaacggactgtcgaaaacgtaccgcATTgcaggcttccgtcaggggtggatggtgttgaacgggcc,non template / coding strand,CCTGACGGAAGCCTGCAACG,TCCTCTGGCGGAAAGCCTacctgctgaccattacctttaacggactgtcgaaaacgtaccgcATTgcaggcttccgtcaggggtggatggtgttgaacgggccGATCttgacagctagctcagtcctaggtataatactagtCCTGACGGAAGCCTGCAACGgttttagagctagaaatagcaagttaaaataaggctag
95_alaA,alaA,VAL,GTT,244.0,ILE,ATA,730,-3,CCG,-,acctgctgaccattacctttaacggactgtcgaaaacgtaccgcATAgcaggcttccgtcaggggtggatggtgttgaacgggcc,non template / coding strand,CCTGACGGAAGCCTGCAACG,TCCTCTGGCGGAAAGCCTacctgctgaccattacctttaacggactgtcgaaaacgtaccgcATAgcaggcttccgtcaggggtggatggtgttgaacgggccGATCttgacagctagctcagtcctaggtataatactagtCCTGACGGAAGCCTGCAACGgttttagagctagaaatagcaagttaaaataaggctag
96_alaA,alaA,VAL,GTT,244.0,ILE,ATT,730,12,CCG,TCG,accattacctttaacggactgtcgaaaacgtaccgcATTgcaggcTTTcgtcaggggtggatggtgttgaacgggccgaaaaaac,non template / coding strand,TCAACACCATCCACCCCTGA,TCCTCTGGCGGAAAGCCTaccattacctttaacggactgtcgaaaacgtaccgcATTgcaggcTTTcgtcaggggtggatggtgttgaacgggccgaaaaaacGATCttgacagctagctcagtcctaggtataatactagtTCAACACCATCCACCCCTGAgttttagagctagaaatagcaagttaaaataaggctag
97_alaA,alaA,VAL,GTT,244.0,ILE,ATA,730,12,CCG,TCG,accattacctttaacggactgtcgaaaacgtaccgcATAgcaggcTTTcgtcaggggtggatggtgttgaacgggccgaaaaaac,non template / coding strand,TCAACACCATCCACCCCTGA,TCCTCTGGCGGAAAGCCTaccattacctttaacggactgtcgaaaacgtaccgcATAgcaggcTTTcgtcaggggtggatggtgttgaacgggccgaaaaaacGATCttgacagctagctcagtcctaggtataatactagtTCAACACCATCCACCCCTGAgttttagagctagaaatagcaagttaaaataaggctag
98_alaA,alaA,THR,ACC,288.0,ALA,GCT,862,-7,CCA,CAA,ttcaatgcgcctgtgtgctaacgttcctgcgcaacacGCAattcagGCTgcgctaggtggttatcagagcatcagtgaatttatt,non template / coding strand,ACCACCTAGCGCGGTCTGAA,TCCTCTGGCGGAAAGCCTttcaatgcgcctgtgtgctaacgttcctgcgcaacacGCAattcagGCTgcgctaggtggttatcagagcatcagtgaatttattGATCttgacagctagctcagtcctaggtataatactagtACCACCTAGCGCGGTCTGAAgttttagagctagaaatagcaagttaaaataaggctag
99_alaA,alaA,THR,ACC,288.0,ALA,GCG,862,-7,CCA,CAA,ttcaatgcgcctgtgtgctaacgttcctgcgcaacacGCAattcagGCGgcgctaggtggttatcagagcatcagtgaatttatt,non template / coding strand,ACCACCTAGCGCGGTCTGAA,TCCTCTGGCGGAAAGCCTttcaatgcgcctgtgtgctaacgttcctgcgcaacacGCAattcagGCGgcgctaggtggttatcagagcatcagtgaatttattGATCttgacagctagctcagtcctaggtataatactagtACCACCTAGCGCGGTCTGAAgttttagagctagaaatagcaagttaaaataaggctag
100_alaA,alaA,THR,ACC,288.0,ALA,GCC,862,-7,CCA,CAA,ttcaatgcgcctgtgtgctaacgttcctgcgcaacacGCAattcagGCCgcgctaggtggttatcagagcatcagtgaatttatt,non template / coding strand,ACCACCTAGCGCGGTCTGAA,TCCTCTGGCGGAAAGCCTttcaatgcgcctgtgtgctaacgttcctgcgcaacacGCAattcagGCCgcgctaggtggttatcagagcatcagtgaatttattGATCttgacagctagctcagtcctaggtataatactagtACCACCTAGCGCGGTCTGAAgttttagagctagaaatagcaagttaaaataaggctag
101_alaA,alaA,GLY,GGC,303.0,SER,AGT,907,-4,CCC,CTC,ccgcgctaggtggttatcagagcatcagtgaatttattACTcctAGTggtcgtctttatgagcagcgtaaccgcgcgtgggaact,non template / coding strand,CTCATAAAGACGACCGCCAG,TCCTCTGGCGGAAAGCCTccgcgctaggtggttatcagagcatcagtgaatttattACTcctAGTggtcgtctttatgagcagcgtaaccgcgcgtgggaactGATCttgacagctagctcagtcctaggtataatactagtCTCATAAAGACGACCGCCAGgttttagagctagaaatagcaagttaaaataaggctag
102_alaA,alaA,GLY,GGC,303.0,SER,AGC,907,-4,CCC,CTC,ccgcgctaggtggttatcagagcatcagtgaatttattACTcctAGCggtcgtctttatgagcagcgtaaccgcgcgtgggaact,non template / coding strand,CTCATAAAGACGACCGCCAG,TCCTCTGGCGGAAAGCCTccgcgctaggtggttatcagagcatcagtgaatttattACTcctAGCggtcgtctttatgagcagcgtaaccgcgcgtgggaactGATCttgacagctagctcagtcctaggtataatactagtCTCATAAAGACGACCGCCAGgttttagagctagaaatagcaagttaaaataaggctag
103_alaA,alaA,GLY,GGC,303.0,SER,TCG,907,-4,CCC,CTC,ccgcgctaggtggttatcagagcatcagtgaatttattACTcctTCGggtcgtctttatgagcagcgtaaccgcgcgtgggaact,non template / coding strand,CTCATAAAGACGACCGCCAG,TCCTCTGGCGGAAAGCCTccgcgctaggtggttatcagagcatcagtgaatttattACTcctTCGggtcgtctttatgagcagcgtaaccgcgcgtgggaactGATCttgacagctagctcagtcctaggtataatactagtCTCATAAAGACGACCGCCAGgttttagagctagaaatagcaagttaaaataaggctag
104_alaA,alaA,GLY,GGC,303.0,SER,TCT,907,-4,CCC,CTC,ccgcgctaggtggttatcagagcatcagtgaatttattACTcctTCTggtcgtctttatgagcagcgtaaccgcgcgtgggaact,non template / coding strand,CTCATAAAGACGACCGCCAG,TCCTCTGGCGGAAAGCCTccgcgctaggtggttatcagagcatcagtgaatttattACTcctTCTggtcgtctttatgagcagcgtaaccgcgcgtgggaactGATCttgacagctagctcagtcctaggtataatactagtCTCATAAAGACGACCGCCAGgttttagagctagaaatagcaagttaaaataaggctag
105_alaA,alaA,GLY,GGC,303.0,SER,TCA,907,-4,CCC,CTC,ccgcgctaggtggttatcagagcatcagtgaatttattACTcctTCAggtcgtctttatgagcagcgtaaccgcgcgtgggaact,non template / coding strand,CTCATAAAGACGACCGCCAG,TCCTCTGGCGGAAAGCCTccgcgctaggtggttatcagagcatcagtgaatttattACTcctTCAggtcgtctttatgagcagcgtaaccgcgcgtgggaactGATCttgacagctagctcagtcctaggtataatactagtCTCATAAAGACGACCGCCAGgttttagagctagaaatagcaagttaaaataaggctag
106_alaA,alaA,GLY,GGC,303.0,SER,AGT,907,27,CCG,TCG,tcagagcatcagtgaatttattacccctAGTggtcgtctttatgagcagcgtAATcgcgcgtgggaactgatcaacgatattccg,non template / coding strand,CGTTGATCAGTTCCCACGCG,TCCTCTGGCGGAAAGCCTtcagagcatcagtgaatttattacccctAGTggtcgtctttatgagcagcgtAATcgcgcgtgggaactgatcaacgatattccgGATCttgacagctagctcagtcctaggtataatactagtCGTTGATCAGTTCCCACGCGgttttagagctagaaatagcaagttaaaataaggctag
107_alaA,alaA,GLY,GGC,303.0,SER,AGC,907,27,CCG,TCG,tcagagcatcagtgaatttattacccctAGCggtcgtctttatgagcagcgtAATcgcgcgtgggaactgatcaacgatattccg,non template / coding strand,CGTTGATCAGTTCCCACGCG,TCCTCTGGCGGAAAGCCTtcagagcatcagtgaatttattacccctAGCggtcgtctttatgagcagcgtAATcgcgcgtgggaactgatcaacgatattccgGATCttgacagctagctcagtcctaggtataatactagtCGTTGATCAGTTCCCACGCGgttttagagctagaaatagcaagttaaaataaggctag
108_alaA,alaA,GLY,GGC,303.0,SER,TCG,907,27,CCG,TCG,tcagagcatcagtgaatttattacccctTCGggtcgtctttatgagcagcgtAATcgcgcgtgggaactgatcaacgatattccg,non template / coding strand,CGTTGATCAGTTCCCACGCG,TCCTCTGGCGGAAAGCCTtcagagcatcagtgaatttattacccctTCGggtcgtctttatgagcagcgtAATcgcgcgtgggaactgatcaacgatattccgGATCttgacagctagctcagtcctaggtataatactagtCGTTGATCAGTTCCCACGCGgttttagagctagaaatagcaagttaaaataaggctag
109_alaA,alaA,GLY,GGC,303.0,SER,TCT,907,27,CCG,TCG,tcagagcatcagtgaatttattacccctTCTggtcgtctttatgagcagcgtAATcgcgcgtgggaactgatcaacgatattccg,non template / coding strand,CGTTGATCAGTTCCCACGCG,TCCTCTGGCGGAAAGCCTtcagagcatcagtgaatttattacccctTCTggtcgtctttatgagcagcgtAATcgcgcgtgggaactgatcaacgatattccgGATCttgacagctagctcagtcctaggtataatactagtCGTTGATCAGTTCCCACGCGgttttagagctagaaatagcaagttaaaataaggctag
110_alaA,alaA,GLY,GGC,303.0,SER,TCA,907,27,CCG,TCG,tcagagcatcagtgaatttattacccctTCAggtcgtctttatgagcagcgtAATcgcgcgtgggaactgatcaacgatattccg,non template / coding strand,CGTTGATCAGTTCCCACGCG,TCCTCTGGCGGAAAGCCTtcagagcatcagtgaatttattacccctTCAggtcgtctttatgagcagcgtAATcgcgcgtgggaactgatcaacgatattccgGATCttgacagctagctcagtcctaggtataatactagtCGTTGATCAGTTCCCACGCGgttttagagctagaaatagcaagttaaaataaggctag
111_alaA,alaA,ASN,AAC,311.0,LYS,AAG,931,-24,TGG,-,tatcagagcatcagtgaatttattacccctggcggtcgtctttatgagcagcgtAAGcgcgcgtgggaactgatcaacgatattc,template / non coding strand,TCAGTGAATTTATTACCCCT,TCCTCTGGCGGAAAGCCTtatcagagcatcagtgaatttattacccctggcggtcgtctttatgagcagcgtAAGcgcgcgtgggaactgatcaacgatattcGATCttgacagctagctcagtcctaggtataatactagtTCAGTGAATTTATTACCCCTgttttagagctagaaatagcaagttaaaataaggctag
112_alaA,alaA,ASN,AAC,311.0,LYS,AAG,931,-21,CGG,-,atcagagcatcagtgaatttattacccctggcggtcgtctttatgagcagcgtAAGcgcgcgtgggaactgatcaacgatattcc,template / non coding strand,GTGAATTTATTACCCCTGGC,TCCTCTGGCGGAAAGCCTatcagagcatcagtgaatttattacccctggcggtcgtctttatgagcagcgtAAGcgcgcgtgggaactgatcaacgatattccGATCttgacagctagctcagtcctaggtataatactagtGTGAATTTATTACCCCTGGCgttttagagctagaaatagcaagttaaaataaggctag
113_alaA,alaA,ASN,AAC,311.0,LYS,AAG,931,-28,CCC,CTC,gttatcagagcatcagtgaatttattACTcctggcggtcgtctttatgagcagcgtAAGcgcgcgtgggaactgatcaacgatat,non template / coding strand,CTCATAAAGACGACCGCCAG,TCCTCTGGCGGAAAGCCTgttatcagagcatcagtgaatttattACTcctggcggtcgtctttatgagcagcgtAAGcgcgcgtgggaactgatcaacgatatGATCttgacagctagctcagtcctaggtataatactagtCTCATAAAGACGACCGCCAGgttttagagctagaaatagcaagttaaaataaggctag
114_alaA,alaA,ARG,CGC,312.0,CYS,TGT,934,-27,TGG,-,atcagagcatcagtgaatttattacccctggcggtcgtctttatgagcagcgtaacTGTgcgtgggaactgatcaacgatattcc,template / non coding strand,TCAGTGAATTTATTACCCCT,TCCTCTGGCGGAAAGCCTatcagagcatcagtgaatttattacccctggcggtcgtctttatgagcagcgtaacTGTgcgtgggaactgatcaacgatattccGATCttgacagctagctcagtcctaggtataatactagtTCAGTGAATTTATTACCCCTgttttagagctagaaatagcaagttaaaataaggctag
115_alaA,alaA,ARG,CGC,312.0,CYS,TGT,934,-24,CGG,-,cagagcatcagtgaatttattacccctggcggtcgtctttatgagcagcgtaacTGTgcgtgggaactgatcaacgatattccgg,template / non coding strand,GTGAATTTATTACCCCTGGC,TCCTCTGGCGGAAAGCCTcagagcatcagtgaatttattacccctggcggtcgtctttatgagcagcgtaacTGTgcgtgggaactgatcaacgatattccggGATCttgacagctagctcagtcctaggtataatactagtGTGAATTTATTACCCCTGGCgttttagagctagaaatagcaagttaaaataaggctag
116_alaA,alaA,ARG,CGC,312.0,CYS,TGT,934,-29,CCT,-,tatcagagcatcagtgaatttattacccctggcggtcgtctttatgagcagcgtaacTGTgcgtgggaactgatcaacgatattc,non template / coding strand,TGCTCATAAAGACGACCGCC,TCCTCTGGCGGAAAGCCTtatcagagcatcagtgaatttattacccctggcggtcgtctttatgagcagcgtaacTGTgcgtgggaactgatcaacgatattcGATCttgacagctagctcagtcctaggtataatactagtTGCTCATAAAGACGACCGCCgttttagagctagaaatagcaagttaaaataaggctag
117_alaA,alaA,ASN,AAC,318.0,SER,AGT,952,-11,TGG,-,cctggcggtcgtctttatgagcagcgtaaccgcgcgtgggaactgatcAGTgatattccgggcgtttcctgcgtgaaacctcgtg,template / non coding strand,ATGAGCAGCGTAACCGCGCG,TCCTCTGGCGGAAAGCCTcctggcggtcgtctttatgagcagcgtaaccgcgcgtgggaactgatcAGTgatattccgggcgtttcctgcgtgaaacctcgtgGATCttgacagctagctcagtcctaggtataatactagtATGAGCAGCGTAACCGCGCGgttttagagctagaaatagcaagttaaaataaggctag
118_alaA,alaA,ASN,AAC,318.0,SER,AGC,952,-11,TGG,-,cctggcggtcgtctttatgagcagcgtaaccgcgcgtgggaactgatcAGCgatattccgggcgtttcctgcgtgaaacctcgtg,template / non coding strand,ATGAGCAGCGTAACCGCGCG,TCCTCTGGCGGAAAGCCTcctggcggtcgtctttatgagcagcgtaaccgcgcgtgggaactgatcAGCgatattccgggcgtttcctgcgtgaaacctcgtgGATCttgacagctagctcagtcctaggtataatactagtATGAGCAGCGTAACCGCGCGgttttagagctagaaatagcaagttaaaataaggctag
119_alaA,alaA,ASN,AAC,318.0,SER,TCT,952,-11,TGG,-,cctggcggtcgtctttatgagcagcgtaaccgcgcgtgggaactgatcTCTgatattccgggcgtttcctgcgtgaaacctcgtg,template / non coding strand,ATGAGCAGCGTAACCGCGCG,TCCTCTGGCGGAAAGCCTcctggcggtcgtctttatgagcagcgtaaccgcgcgtgggaactgatcTCTgatattccgggcgtttcctgcgtgaaacctcgtgGATCttgacagctagctcagtcctaggtataatactagtATGAGCAGCGTAACCGCGCGgttttagagctagaaatagcaagttaaaataaggctag
120_alaA,alaA,ASN,AAC,318.0,SER,TCA,952,-11,TGG,-,cctggcggtcgtctttatgagcagcgtaaccgcgcgtgggaactgatcTCAgatattccgggcgtttcctgcgtgaaacctcgtg,template / non coding strand,ATGAGCAGCGTAACCGCGCG,TCCTCTGGCGGAAAGCCTcctggcggtcgtctttatgagcagcgtaaccgcgcgtgggaactgatcTCAgatattccgggcgtttcctgcgtgaaacctcgtgGATCttgacagctagctcagtcctaggtataatactagtATGAGCAGCGTAACCGCGCGgttttagagctagaaatagcaagttaaaataaggctag
121_alaA,alaA,ASN,AAC,318.0,SER,AGT,952,-18,CCG,-,acccctggcggtcgtctttatgagcagcgtaaccgcgcgtgggaactgatcAGTgatattccgggcgtttcctgcgtgaaacctc,non template / coding strand,CGTTGATCAGTTCCCACGCG,TCCTCTGGCGGAAAGCCTacccctggcggtcgtctttatgagcagcgtaaccgcgcgtgggaactgatcAGTgatattccgggcgtttcctgcgtgaaacctcGATCttgacagctagctcagtcctaggtataatactagtCGTTGATCAGTTCCCACGCGgttttagagctagaaatagcaagttaaaataaggctag
122_alaA,alaA,ASN,AAC,318.0,SER,AGC,952,-18,CCG,-,acccctggcggtcgtctttatgagcagcgtaaccgcgcgtgggaactgatcAGCgatattccgggcgtttcctgcgtgaaacctc,non template / coding strand,CGTTGATCAGTTCCCACGCG,TCCTCTGGCGGAAAGCCTacccctggcggtcgtctttatgagcagcgtaaccgcgcgtgggaactgatcAGCgatattccgggcgtttcctgcgtgaaacctcGATCttgacagctagctcagtcctaggtataatactagtCGTTGATCAGTTCCCACGCGgttttagagctagaaatagcaagttaaaataaggctag
123_alaA,alaA,ASN,AAC,318.0,SER,TCT,952,-18,CCG,-,acccctggcggtcgtctttatgagcagcgtaaccgcgcgtgggaactgatcTCTgatattccgggcgtttcctgcgtgaaacctc,non template / coding strand,CGTTGATCAGTTCCCACGCG,TCCTCTGGCGGAAAGCCTacccctggcggtcgtctttatgagcagcgtaaccgcgcgtgggaactgatcTCTgatattccgggcgtttcctgcgtgaaacctcGATCttgacagctagctcagtcctaggtataatactagtCGTTGATCAGTTCCCACGCGgttttagagctagaaatagcaagttaaaataaggctag
124_alaA,alaA,ASN,AAC,318.0,SER,TCA,952,-18,CCG,-,acccctggcggtcgtctttatgagcagcgtaaccgcgcgtgggaactgatcTCAgatattccgggcgtttcctgcgtgaaacctc,non template / coding strand,CGTTGATCAGTTCCCACGCG,TCCTCTGGCGGAAAGCCTacccctggcggtcgtctttatgagcagcgtaaccgcgcgtgggaactgatcTCAgatattccgggcgtttcctgcgtgaaacctcGATCttgacagctagctcagtcctaggtataatactagtCGTTGATCAGTTCCCACGCGgttttagagctagaaatagcaagttaaaataaggctag
125_alaA,alaA,ASP,GAT,319.0,ASN,AAC,955,-14,TGG,-,tggcggtcgtctttatgagcagcgtaaccgcgcgtgggaactgatcaacAACattccgggcgtttcctgcgtgaaacctcgtggt,template / non coding strand,ATGAGCAGCGTAACCGCGCG,TCCTCTGGCGGAAAGCCTtggcggtcgtctttatgagcagcgtaaccgcgcgtgggaactgatcaacAACattccgggcgtttcctgcgtgaaacctcgtggtGATCttgacagctagctcagtcctaggtataatactagtATGAGCAGCGTAACCGCGCGgttttagagctagaaatagcaagttaaaataaggctag
126_alaA,alaA,ASP,GAT,319.0,ASN,AAT,955,-14,TGG,-,tggcggtcgtctttatgagcagcgtaaccgcgcgtgggaactgatcaacAATattccgggcgtttcctgcgtgaaacctcgtggt,template / non coding strand,ATGAGCAGCGTAACCGCGCG,TCCTCTGGCGGAAAGCCTtggcggtcgtctttatgagcagcgtaaccgcgcgtgggaactgatcaacAATattccgggcgtttcctgcgtgaaacctcgtggtGATCttgacagctagctcagtcctaggtataatactagtATGAGCAGCGTAACCGCGCGgttttagagctagaaatagcaagttaaaataaggctag
127_alaA,alaA,ASP,GAT,319.0,ASN,AAC,955,-21,CCG,-,cccctggcggtcgtctttatgagcagcgtaaccgcgcgtgggaactgatcaacAACattccgggcgtttcctgcgtgaaacctcg,non template / coding strand,CGTTGATCAGTTCCCACGCG,TCCTCTGGCGGAAAGCCTcccctggcggtcgtctttatgagcagcgtaaccgcgcgtgggaactgatcaacAACattccgggcgtttcctgcgtgaaacctcgGATCttgacagctagctcagtcctaggtataatactagtCGTTGATCAGTTCCCACGCGgttttagagctagaaatagcaagttaaaataaggctag
128_alaA,alaA,ASP,GAT,319.0,ASN,AAT,955,-21,CCG,-,cccctggcggtcgtctttatgagcagcgtaaccgcgcgtgggaactgatcaacAATattccgggcgtttcctgcgtgaaacctcg,non template / coding strand,CGTTGATCAGTTCCCACGCG,TCCTCTGGCGGAAAGCCTcccctggcggtcgtctttatgagcagcgtaaccgcgcgtgggaactgatcaacAATattccgggcgtttcctgcgtgaaacctcgGATCttgacagctagctcagtcctaggtataatactagtCGTTGATCAGTTCCCACGCGgttttagagctagaaatagcaagttaaaataaggctag
129_alaA,alaA,ARG,CGT,329.0,CYS,TGT,985,-13,CCT,CTT,cgcgtgggaactgatcaacgatattccgggcgttTCTtgcgtgaaacctTGTggtgcgctgtatatgttcccgaaaatcgacgcc,non template / coding strand,CGCACCACGAGGTTTCACGC,TCCTCTGGCGGAAAGCCTcgcgtgggaactgatcaacgatattccgggcgttTCTtgcgtgaaacctTGTggtgcgctgtatatgttcccgaaaatcgacgccGATCttgacagctagctcagtcctaggtataatactagtCGCACCACGAGGTTTCACGCgttttagagctagaaatagcaagttaaaataaggctag
130_alaA,alaA,ARG,CGT,329.0,CYS,TGT,985,21,CCC,TCC,cgatattccgggcgtttcctgcgtgaaacctTGTggtgcgctgtatatgTTTccgaaaatcgacgccaaacgctttaacattcac,non template / coding strand,AGCGTTTGGCGTCGATTTTC,TCCTCTGGCGGAAAGCCTcgatattccgggcgtttcctgcgtgaaacctTGTggtgcgctgtatatgTTTccgaaaatcgacgccaaacgctttaacattcacGATCttgacagctagctcagtcctaggtataatactagtAGCGTTTGGCGTCGATTTTCgttttagagctagaaatagcaagttaaaataaggctag
131_alaA,alaA,ALA,GCC,340.0,THR,ACG,1018,-12,CCC,-,tcctgcgtgaaacctcgtggtgcgctgtatatgttcccgaaaatcgacACGaaacgctttaacattcacgacgatcagaaaatgg,non template / coding strand,AGCGTTTGGCGTCGATTTTC,TCCTCTGGCGGAAAGCCTtcctgcgtgaaacctcgtggtgcgctgtatatgttcccgaaaatcgacACGaaacgctttaacattcacgacgatcagaaaatggGATCttgacagctagctcagtcctaggtataatactagtAGCGTTTGGCGTCGATTTTCgttttagagctagaaatagcaagttaaaataaggctag
132_alaA,alaA,ALA,GCC,340.0,THR,ACC,1018,-12,CCC,-,tcctgcgtgaaacctcgtggtgcgctgtatatgttcccgaaaatcgacACCaaacgctttaacattcacgacgatcagaaaatgg,non template / coding strand,AGCGTTTGGCGTCGATTTTC,TCCTCTGGCGGAAAGCCTtcctgcgtgaaacctcgtggtgcgctgtatatgttcccgaaaatcgacACCaaacgctttaacattcacgacgatcagaaaatggGATCttgacagctagctcagtcctaggtataatactagtAGCGTTTGGCGTCGATTTTCgttttagagctagaaatagcaagttaaaataaggctag
133_alaA,alaA,ALA,GCC,340.0,VAL,GTC,1018,-12,CCC,-,tcctgcgtgaaacctcgtggtgcgctgtatatgttcccgaaaatcgacGTCaaacgctttaacattcacgacgatcagaaaatgg,non template / coding strand,AGCGTTTGGCGTCGATTTTC,TCCTCTGGCGGAAAGCCTtcctgcgtgaaacctcgtggtgcgctgtatatgttcccgaaaatcgacGTCaaacgctttaacattcacgacgatcagaaaatggGATCttgacagctagctcagtcctaggtataatactagtAGCGTTTGGCGTCGATTTTCgttttagagctagaaatagcaagttaaaataaggctag
134_alaA,alaA,ALA,GCC,340.0,VAL,GTT,1018,-12,CCC,-,tcctgcgtgaaacctcgtggtgcgctgtatatgttcccgaaaatcgacGTTaaacgctttaacattcacgacgatcagaaaatgg,non template / coding strand,AGCGTTTGGCGTCGATTTTC,TCCTCTGGCGGAAAGCCTtcctgcgtgaaacctcgtggtgcgctgtatatgttcccgaaaatcgacGTTaaacgctttaacattcacgacgatcagaaaatggGATCttgacagctagctcagtcctaggtataatactagtAGCGTTTGGCGTCGATTTTCgttttagagctagaaatagcaagttaaaataaggctag
135_alaA,alaA,ALA,GCC,340.0,THR,ACA,1018,-12,CCC,-,tcctgcgtgaaacctcgtggtgcgctgtatatgttcccgaaaatcgacACAaaacgctttaacattcacgacgatcagaaaatgg,non template / coding strand,AGCGTTTGGCGTCGATTTTC,TCCTCTGGCGGAAAGCCTtcctgcgtgaaacctcgtggtgcgctgtatatgttcccgaaaatcgacACAaaacgctttaacattcacgacgatcagaaaatggGATCttgacagctagctcagtcctaggtataatactagtAGCGTTTGGCGTCGATTTTCgttttagagctagaaatagcaagttaaaataaggctag
136_alaA,alaA,ALA,GCC,340.0,THR,ACT,1018,-12,CCC,-,tcctgcgtgaaacctcgtggtgcgctgtatatgttcccgaaaatcgacACTaaacgctttaacattcacgacgatcagaaaatgg,non template / coding strand,AGCGTTTGGCGTCGATTTTC,TCCTCTGGCGGAAAGCCTtcctgcgtgaaacctcgtggtgcgctgtatatgttcccgaaaatcgacACTaaacgctttaacattcacgacgatcagaaaatggGATCttgacagctagctcagtcctaggtataatactagtAGCGTTTGGCGTCGATTTTCgttttagagctagaaatagcaagttaaaataaggctag
137_alaA,alaA,ALA,GCC,340.0,VAL,GTG,1018,-12,CCC,-,tcctgcgtgaaacctcgtggtgcgctgtatatgttcccgaaaatcgacGTGaaacgctttaacattcacgacgatcagaaaatgg,non template / coding strand,AGCGTTTGGCGTCGATTTTC,TCCTCTGGCGGAAAGCCTtcctgcgtgaaacctcgtggtgcgctgtatatgttcccgaaaatcgacGTGaaacgctttaacattcacgacgatcagaaaatggGATCttgacagctagctcagtcctaggtataatactagtAGCGTTTGGCGTCGATTTTCgttttagagctagaaatagcaagttaaaataaggctag
138_alaA,alaA,LYS,AAA,341.0,ARG,AGA,1021,-15,CCC,-,cctgcgtgaaacctcgtggtgcgctgtatatgttcccgaaaatcgacgccAGAcgctttaacattcacgacgatcagaaaatggt,non template / coding strand,AGCGTTTGGCGTCGATTTTC,TCCTCTGGCGGAAAGCCTcctgcgtgaaacctcgtggtgcgctgtatatgttcccgaaaatcgacgccAGAcgctttaacattcacgacgatcagaaaatggtGATCttgacagctagctcagtcctaggtataatactagtAGCGTTTGGCGTCGATTTTCgttttagagctagaaatagcaagttaaaataaggctag
139_alaA,alaA,LYS,AAA,341.0,ARG,AGG,1021,-15,CCC,-,cctgcgtgaaacctcgtggtgcgctgtatatgttcccgaaaatcgacgccAGGcgctttaacattcacgacgatcagaaaatggt,non template / coding strand,AGCGTTTGGCGTCGATTTTC,TCCTCTGGCGGAAAGCCTcctgcgtgaaacctcgtggtgcgctgtatatgttcccgaaaatcgacgccAGGcgctttaacattcacgacgatcagaaaatggtGATCttgacagctagctcagtcctaggtataatactagtAGCGTTTGGCGTCGATTTTCgttttagagctagaaatagcaagttaaaataaggctag
140_alaA,alaA,LYS,AAA,341.0,ARG,CGA,1021,-1,CCA,CAA,gaaacctcgtggtgcgctgtatatgttcccgaaaatcgacGCACGAcgctttaacattcacgacgatcagaaaatggtgttggat,non template / coding strand,GTCGTGAATGTTAAAGCGTT,TCCTCTGGCGGAAAGCCTgaaacctcgtggtgcgctgtatatgttcccgaaaatcgacGCACGAcgctttaacattcacgacgatcagaaaatggtgttggatGATCttgacagctagctcagtcctaggtataatactagtGTCGTGAATGTTAAAGCGTTgttttagagctagaaatagcaagttaaaataaggctag
141_alaA,alaA,LYS,AAA,341.0,ARG,AGA,1021,-1,CCA,CAA,gaaacctcgtggtgcgctgtatatgttcccgaaaatcgacGCAAGAcgctttaacattcacgacgatcagaaaatggtgttggat,non template / coding strand,GTCGTGAATGTTAAAGCGTT,TCCTCTGGCGGAAAGCCTgaaacctcgtggtgcgctgtatatgttcccgaaaatcgacGCAAGAcgctttaacattcacgacgatcagaaaatggtgttggatGATCttgacagctagctcagtcctaggtataatactagtGTCGTGAATGTTAAAGCGTTgttttagagctagaaatagcaagttaaaataaggctag
142_alaA,alaA,LYS,AAA,341.0,ARG,CGC,1021,-1,CCA,CAA,gaaacctcgtggtgcgctgtatatgttcccgaaaatcgacGCACGCcgctttaacattcacgacgatcagaaaatggtgttggat,non template / coding strand,GTCGTGAATGTTAAAGCGTT,TCCTCTGGCGGAAAGCCTgaaacctcgtggtgcgctgtatatgttcccgaaaatcgacGCACGCcgctttaacattcacgacgatcagaaaatggtgttggatGATCttgacagctagctcagtcctaggtataatactagtGTCGTGAATGTTAAAGCGTTgttttagagctagaaatagcaagttaaaataaggctag
143_alaA,alaA,LYS,AAA,341.0,ARG,AGG,1021,-1,CCA,CAA,gaaacctcgtggtgcgctgtatatgttcccgaaaatcgacGCAAGGcgctttaacattcacgacgatcagaaaatggtgttggat,non template / coding strand,GTCGTGAATGTTAAAGCGTT,TCCTCTGGCGGAAAGCCTgaaacctcgtggtgcgctgtatatgttcccgaaaatcgacGCAAGGcgctttaacattcacgacgatcagaaaatggtgttggatGATCttgacagctagctcagtcctaggtataatactagtGTCGTGAATGTTAAAGCGTTgttttagagctagaaatagcaagttaaaataaggctag
144_alaA,alaA,LYS,AAA,341.0,ARG,CGT,1021,-1,CCA,CAA,gaaacctcgtggtgcgctgtatatgttcccgaaaatcgacGCACGTcgctttaacattcacgacgatcagaaaatggtgttggat,non template / coding strand,GTCGTGAATGTTAAAGCGTT,TCCTCTGGCGGAAAGCCTgaaacctcgtggtgcgctgtatatgttcccgaaaatcgacGCACGTcgctttaacattcacgacgatcagaaaatggtgttggatGATCttgacagctagctcagtcctaggtataatactagtGTCGTGAATGTTAAAGCGTTgttttagagctagaaatagcaagttaaaataaggctag
145_alaA,alaA,VAL,GTC,385.0,ILE,ATT,1153,-21,CCG,-,cggcattcaactggccgtggccggatcacttccgcattgtcacgctaccgcgtATTgatgatatcgagctgtctttgagcaagtt,non template / coding strand,CACGCGGTAGCGTGACAATG,TCCTCTGGCGGAAAGCCTcggcattcaactggccgtggccggatcacttccgcattgtcacgctaccgcgtATTgatgatatcgagctgtctttgagcaagttGATCttgacagctagctcagtcctaggtataatactagtCACGCGGTAGCGTGACAATGgttttagagctagaaatagcaagttaaaataaggctag
146_alaA,alaA,VAL,GTC,385.0,ILE,ATA,1153,-21,CCG,-,cggcattcaactggccgtggccggatcacttccgcattgtcacgctaccgcgtATAgatgatatcgagctgtctttgagcaagtt,non template / coding strand,CACGCGGTAGCGTGACAATG,TCCTCTGGCGGAAAGCCTcggcattcaactggccgtggccggatcacttccgcattgtcacgctaccgcgtATAgatgatatcgagctgtctttgagcaagttGATCttgacagctagctcagtcctaggtataatactagtCACGCGGTAGCGTGACAATGgttttagagctagaaatagcaagttaaaataaggctag
147_alaA,alaA,VAL,GTC,385.0,ILE,ATT,1153,-5,CCG,-,aactggccgtggccggatcacttccgcattgtcacgctaccgcgtATTgatgatatcgagctgtctttgagcaagttcgcgcgtt,non template / coding strand,AGCTCGATATCATCGACACG,TCCTCTGGCGGAAAGCCTaactggccgtggccggatcacttccgcattgtcacgctaccgcgtATTgatgatatcgagctgtctttgagcaagttcgcgcgttGATCttgacagctagctcagtcctaggtataatactagtAGCTCGATATCATCGACACGgttttagagctagaaatagcaagttaaaataaggctag
148_alaA,alaA,VAL,GTC,385.0,ILE,ATA,1153,-5,CCG,-,aactggccgtggccggatcacttccgcattgtcacgctaccgcgtATAgatgatatcgagctgtctttgagcaagttcgcgcgtt,non template / coding strand,AGCTCGATATCATCGACACG,TCCTCTGGCGGAAAGCCTaactggccgtggccggatcacttccgcattgtcacgctaccgcgtATAgatgatatcgagctgtctttgagcaagttcgcgcgttGATCttgacagctagctcagtcctaggtataatactagtAGCTCGATATCATCGACACGgttttagagctagaaatagcaagttaaaataaggctag
149_alaA,alaA,LEU,CTG,390.0,GLN,CAA,1168,-20,CCG,-,gtggccggatcacttccgcattgtcacgctaccgcgtgtcgatgatatcgagCAAtctttgagcaagttcgcgcgtttcctttct,non template / coding strand,AGCTCGATATCATCGACACG,TCCTCTGGCGGAAAGCCTgtggccggatcacttccgcattgtcacgctaccgcgtgtcgatgatatcgagCAAtctttgagcaagttcgcgcgtttcctttctGATCttgacagctagctcagtcctaggtataatactagtAGCTCGATATCATCGACACGgttttagagctagaaatagcaagttaaaataaggctag
150_alaA,alaA,LEU,CTG,390.0,GLN,CAG,1168,-20,CCG,-,gtggccggatcacttccgcattgtcacgctaccgcgtgtcgatgatatcgagCAGtctttgagcaagttcgcgcgtttcctttct,non template / coding strand,AGCTCGATATCATCGACACG,TCCTCTGGCGGAAAGCCTgtggccggatcacttccgcattgtcacgctaccgcgtgtcgatgatatcgagCAGtctttgagcaagttcgcgcgtttcctttctGATCttgacagctagctcagtcctaggtataatactagtAGCTCGATATCATCGACACGgttttagagctagaaatagcaagttaaaataaggctag
151_alaA,alaA,LEU,CTG,390.0,GLN,CAA,1168,27,CCT,TCT,cacgctaccgcgtgtcgatgatatcgagCAAtctttgagcaagttcgcgcgtTTTctttctggttatcatcagctgtaatcttaa,non template / coding strand,ACAGCTGATGATAACCAGAA,TCCTCTGGCGGAAAGCCTcacgctaccgcgtgtcgatgatatcgagCAAtctttgagcaagttcgcgcgtTTTctttctggttatcatcagctgtaatcttaaGATCttgacagctagctcagtcctaggtataatactagtACAGCTGATGATAACCAGAAgttttagagctagaaatagcaagttaaaataaggctag
152_alaA,alaA,LEU,CTG,390.0,GLN,CAG,1168,27,CCT,TCT,cacgctaccgcgtgtcgatgatatcgagCAGtctttgagcaagttcgcgcgtTTTctttctggttatcatcagctgtaatcttaa,non template / coding strand,ACAGCTGATGATAACCAGAA,TCCTCTGGCGGAAAGCCTcacgctaccgcgtgtcgatgatatcgagCAGtctttgagcaagttcgcgcgtTTTctttctggttatcatcagctgtaatcttaaGATCttgacagctagctcagtcctaggtataatactagtACAGCTGATGATAACCAGAAgttttagagctagaaatagcaagttaaaataaggctag
153_alaA,alaA,SER,AGC,393.0,ASN,AAC,1177,-29,CCG,-,ccggatcacttccgcattgtcacgctaccgcgtgtcgatgatatcgagctgtctttgAACaagttcgcgcgtttcctttctggtt,non template / coding strand,AGCTCGATATCATCGACACG,TCCTCTGGCGGAAAGCCTccggatcacttccgcattgtcacgctaccgcgtgtcgatgatatcgagctgtctttgAACaagttcgcgcgtttcctttctggttGATCttgacagctagctcagtcctaggtataatactagtAGCTCGATATCATCGACACGgttttagagctagaaatagcaagttaaaataaggctag
154_alaA,alaA,SER,AGC,393.0,ASN,AAT,1177,-29,CCG,-,ccggatcacttccgcattgtcacgctaccgcgtgtcgatgatatcgagctgtctttgAATaagttcgcgcgtttcctttctggtt,non template / coding strand,AGCTCGATATCATCGACACG,TCCTCTGGCGGAAAGCCTccggatcacttccgcattgtcacgctaccgcgtgtcgatgatatcgagctgtctttgAATaagttcgcgcgtttcctttctggttGATCttgacagctagctcagtcctaggtataatactagtAGCTCGATATCATCGACACGgttttagagctagaaatagcaagttaaaataaggctag
155_alaA,alaA,SER,AGC,393.0,ASN,AAC,1177,18,CCT,TCT,ctaccgcgtgtcgatgatatcgagctgtctttgAACaagttcgcgcgtTTTctttctggttatcatcagctgtaatcttaatttc,non template / coding strand,ACAGCTGATGATAACCAGAA,TCCTCTGGCGGAAAGCCTctaccgcgtgtcgatgatatcgagctgtctttgAACaagttcgcgcgtTTTctttctggttatcatcagctgtaatcttaatttcGATCttgacagctagctcagtcctaggtataatactagtACAGCTGATGATAACCAGAAgttttagagctagaaatagcaagttaaaataaggctag
156_alaA,alaA,SER,AGC,393.0,ASN,AAT,1177,18,CCT,TCT,ctaccgcgtgtcgatgatatcgagctgtctttgAATaagttcgcgcgtTTTctttctggttatcatcagctgtaatcttaatttc,non template / coding strand,ACAGCTGATGATAACCAGAA,TCCTCTGGCGGAAAGCCTctaccgcgtgtcgatgatatcgagctgtctttgAATaagttcgcgcgtTTTctttctggttatcatcagctgtaatcttaatttcGATCttgacagctagctcagtcctaggtataatactagtACAGCTGATGATAACCAGAAgttttagagctagaaatagcaagttaaaataaggctag
157_alaA,alaA,ALA,GCG,396.0,THR,ACC,1186,9,CCT,TCT,gcgtgtcgatgatatcgagctgtctttgagcaagttcACCcgtTTTctttctggttatcatcagctgtaatcttaatttcactgc,non template / coding strand,ACAGCTGATGATAACCAGAA,TCCTCTGGCGGAAAGCCTgcgtgtcgatgatatcgagctgtctttgagcaagttcACCcgtTTTctttctggttatcatcagctgtaatcttaatttcactgcGATCttgacagctagctcagtcctaggtataatactagtACAGCTGATGATAACCAGAAgttttagagctagaaatagcaagttaaaataaggctag
158_alaA,alaA,ALA,GCG,396.0,THR,ACA,1186,9,CCT,TCT,gcgtgtcgatgatatcgagctgtctttgagcaagttcACAcgtTTTctttctggttatcatcagctgtaatcttaatttcactgc,non template / coding strand,ACAGCTGATGATAACCAGAA,TCCTCTGGCGGAAAGCCTgcgtgtcgatgatatcgagctgtctttgagcaagttcACAcgtTTTctttctggttatcatcagctgtaatcttaatttcactgcGATCttgacagctagctcagtcctaggtataatactagtACAGCTGATGATAACCAGAAgttttagagctagaaatagcaagttaaaataaggctag
159_alaA,alaA,ALA,GCG,396.0,THR,ACT,1186,9,CCT,TCT,gcgtgtcgatgatatcgagctgtctttgagcaagttcACTcgtTTTctttctggttatcatcagctgtaatcttaatttcactgc,non template / coding strand,ACAGCTGATGATAACCAGAA,TCCTCTGGCGGAAAGCCTgcgtgtcgatgatatcgagctgtctttgagcaagttcACTcgtTTTctttctggttatcatcagctgtaatcttaatttcactgcGATCttgacagctagctcagtcctaggtataatactagtACAGCTGATGATAACCAGAAgttttagagctagaaatagcaagttaaaataaggctag
160_alaA,alaA,GLY,GGT,401.0,SER,AGT,1201,-6,CCT,-,gatgatatcgagctgtctttgagcaagttcgcgcgtttcctttctAGTtatcatcagctgtaatcttaatttcactgccggagat,non template / coding strand,ACAGCTGATGATAACCAGAA,TCCTCTGGCGGAAAGCCTgatgatatcgagctgtctttgagcaagttcgcgcgtttcctttctAGTtatcatcagctgtaatcttaatttcactgccggagatGATCttgacagctagctcagtcctaggtataatactagtACAGCTGATGATAACCAGAAgttttagagctagaaatagcaagttaaaataaggctag
161_alaA,alaA,GLY,GGT,401.0,SER,AGC,1201,-6,CCT,-,gatgatatcgagctgtctttgagcaagttcgcgcgtttcctttctAGCtatcatcagctgtaatcttaatttcactgccggagat,non template / coding strand,ACAGCTGATGATAACCAGAA,TCCTCTGGCGGAAAGCCTgatgatatcgagctgtctttgagcaagttcgcgcgtttcctttctAGCtatcatcagctgtaatcttaatttcactgccggagatGATCttgacagctagctcagtcctaggtataatactagtACAGCTGATGATAACCAGAAgttttagagctagaaatagcaagttaaaataaggctag
162_alaA,alaA,GLY,GGT,401.0,SER,TCG,1201,-6,CCT,-,gatgatatcgagctgtctttgagcaagttcgcgcgtttcctttctTCGtatcatcagctgtaatcttaatttcactgccggagat,non template / coding strand,ACAGCTGATGATAACCAGAA,TCCTCTGGCGGAAAGCCTgatgatatcgagctgtctttgagcaagttcgcgcgtttcctttctTCGtatcatcagctgtaatcttaatttcactgccggagatGATCttgacagctagctcagtcctaggtataatactagtACAGCTGATGATAACCAGAAgttttagagctagaaatagcaagttaaaataaggctag
163_alaA,alaA,GLY,GGT,401.0,SER,TCT,1201,-6,CCT,-,gatgatatcgagctgtctttgagcaagttcgcgcgtttcctttctTCTtatcatcagctgtaatcttaatttcactgccggagat,non template / coding strand,ACAGCTGATGATAACCAGAA,TCCTCTGGCGGAAAGCCTgatgatatcgagctgtctttgagcaagttcgcgcgtttcctttctTCTtatcatcagctgtaatcttaatttcactgccggagatGATCttgacagctagctcagtcctaggtataatactagtACAGCTGATGATAACCAGAAgttttagagctagaaatagcaagttaaaataaggctag
164_alaA,alaA,GLY,GGT,401.0,SER,TCA,1201,-6,CCT,-,gatgatatcgagctgtctttgagcaagttcgcgcgtttcctttctTCAtatcatcagctgtaatcttaatttcactgccggagat,non template / coding strand,ACAGCTGATGATAACCAGAA,TCCTCTGGCGGAAAGCCTgatgatatcgagctgtctttgagcaagttcgcgcgtttcctttctTCAtatcatcagctgtaatcttaatttcactgccggagatGATCttgacagctagctcagtcctaggtataatactagtACAGCTGATGATAACCAGAAgttttagagctagaaatagcaagttaaaataaggctag
165_alaA,alaA,PRO,CCG,45.0,SER,TCC,133,-12,CGG,-,gaagaagaaggtaacaaggtactgaaactgaacatcggcaacccagccTCCttcggttttgacgcgccagatgaaatcctcgttg,template / non coding strand,AGGTACTGAAACTGAACATC,TCCTCTGGCGGAAAGCCTgaagaagaaggtaacaaggtactgaaactgaacatcggcaacccagccTCCttcggttttgacgcgccagatgaaatcctcgttgGATCttgacagctagctcagtcctaggtataatactagtAGGTACTGAAACTGAACATCgttttagagctagaaatagcaagttaaaataaggctag
166_alaA,alaA,PRO,CCG,45.0,SER,AGT,133,-12,CGG,-,gaagaagaaggtaacaaggtactgaaactgaacatcggcaacccagccAGTttcggttttgacgcgccagatgaaatcctcgttg,template / non coding strand,AGGTACTGAAACTGAACATC,TCCTCTGGCGGAAAGCCTgaagaagaaggtaacaaggtactgaaactgaacatcggcaacccagccAGTttcggttttgacgcgccagatgaaatcctcgttgGATCttgacagctagctcagtcctaggtataatactagtAGGTACTGAAACTGAACATCgttttagagctagaaatagcaagttaaaataaggctag
167_alaA,alaA,PRO,CCG,45.0,SER,AGC,133,-12,CGG,-,gaagaagaaggtaacaaggtactgaaactgaacatcggcaacccagccAGCttcggttttgacgcgccagatgaaatcctcgttg,template / non coding strand,AGGTACTGAAACTGAACATC,TCCTCTGGCGGAAAGCCTgaagaagaaggtaacaaggtactgaaactgaacatcggcaacccagccAGCttcggttttgacgcgccagatgaaatcctcgttgGATCttgacagctagctcagtcctaggtataatactagtAGGTACTGAAACTGAACATCgttttagagctagaaatagcaagttaaaataaggctag
168_alaA,alaA,PRO,CCG,45.0,SER,TCG,133,-12,CGG,-,gaagaagaaggtaacaaggtactgaaactgaacatcggcaacccagccTCGttcggttttgacgcgccagatgaaatcctcgttg,template / non coding strand,AGGTACTGAAACTGAACATC,TCCTCTGGCGGAAAGCCTgaagaagaaggtaacaaggtactgaaactgaacatcggcaacccagccTCGttcggttttgacgcgccagatgaaatcctcgttgGATCttgacagctagctcagtcctaggtataatactagtAGGTACTGAAACTGAACATCgttttagagctagaaatagcaagttaaaataaggctag
169_alaA,alaA,PRO,CCG,45.0,SER,TCT,133,-12,CGG,-,gaagaagaaggtaacaaggtactgaaactgaacatcggcaacccagccTCTttcggttttgacgcgccagatgaaatcctcgttg,template / non coding strand,AGGTACTGAAACTGAACATC,TCCTCTGGCGGAAAGCCTgaagaagaaggtaacaaggtactgaaactgaacatcggcaacccagccTCTttcggttttgacgcgccagatgaaatcctcgttgGATCttgacagctagctcagtcctaggtataatactagtAGGTACTGAAACTGAACATCgttttagagctagaaatagcaagttaaaataaggctag
170_alaA,alaA,PRO,CCG,45.0,SER,TCA,133,-12,CGG,-,gaagaagaaggtaacaaggtactgaaactgaacatcggcaacccagccTCAttcggttttgacgcgccagatgaaatcctcgttg,template / non coding strand,AGGTACTGAAACTGAACATC,TCCTCTGGCGGAAAGCCTgaagaagaaggtaacaaggtactgaaactgaacatcggcaacccagccTCAttcggttttgacgcgccagatgaaatcctcgttgGATCttgacagctagctcagtcctaggtataatactagtAGGTACTGAAACTGAACATCgttttagagctagaaatagcaagttaaaataaggctag
171_alaA,alaA,PRO,CCG,45.0,SER,TCC,133,-6,CCC,-,gaagaaggtaacaaggtactgaaactgaacatcggcaacccagccTCCttcggttttgacgcgccagatgaaatcctcgttgacg,non template / coding strand,CGTCAAAACCGAACGGGGCT,TCCTCTGGCGGAAAGCCTgaagaaggtaacaaggtactgaaactgaacatcggcaacccagccTCCttcggttttgacgcgccagatgaaatcctcgttgacgGATCttgacagctagctcagtcctaggtataatactagtCGTCAAAACCGAACGGGGCTgttttagagctagaaatagcaagttaaaataaggctag
172_alaA,alaA,PRO,CCG,45.0,SER,AGT,133,-6,CCC,-,gaagaaggtaacaaggtactgaaactgaacatcggcaacccagccAGTttcggttttgacgcgccagatgaaatcctcgttgacg,non template / coding strand,CGTCAAAACCGAACGGGGCT,TCCTCTGGCGGAAAGCCTgaagaaggtaacaaggtactgaaactgaacatcggcaacccagccAGTttcggttttgacgcgccagatgaaatcctcgttgacgGATCttgacagctagctcagtcctaggtataatactagtCGTCAAAACCGAACGGGGCTgttttagagctagaaatagcaagttaaaataaggctag
173_alaA,alaA,PRO,CCG,45.0,SER,AGC,133,-6,CCC,-,gaagaaggtaacaaggtactgaaactgaacatcggcaacccagccAGCttcggttttgacgcgccagatgaaatcctcgttgacg,non template / coding strand,CGTCAAAACCGAACGGGGCT,TCCTCTGGCGGAAAGCCTgaagaaggtaacaaggtactgaaactgaacatcggcaacccagccAGCttcggttttgacgcgccagatgaaatcctcgttgacgGATCttgacagctagctcagtcctaggtataatactagtCGTCAAAACCGAACGGGGCTgttttagagctagaaatagcaagttaaaataaggctag
174_alaA,alaA,PRO,CCG,45.0,SER,TCG,133,-6,CCC,-,gaagaaggtaacaaggtactgaaactgaacatcggcaacccagccTCGttcggttttgacgcgccagatgaaatcctcgttgacg,non template / coding strand,CGTCAAAACCGAACGGGGCT,TCCTCTGGCGGAAAGCCTgaagaaggtaacaaggtactgaaactgaacatcggcaacccagccTCGttcggttttgacgcgccagatgaaatcctcgttgacgGATCttgacagctagctcagtcctaggtataatactagtCGTCAAAACCGAACGGGGCTgttttagagctagaaatagcaagttaaaataaggctag
175_alaA,alaA,PRO,CCG,45.0,SER,TCT,133,-6,CCC,-,gaagaaggtaacaaggtactgaaactgaacatcggcaacccagccTCTttcggttttgacgcgccagatgaaatcctcgttgacg,non template / coding strand,CGTCAAAACCGAACGGGGCT,TCCTCTGGCGGAAAGCCTgaagaaggtaacaaggtactgaaactgaacatcggcaacccagccTCTttcggttttgacgcgccagatgaaatcctcgttgacgGATCttgacagctagctcagtcctaggtataatactagtCGTCAAAACCGAACGGGGCTgttttagagctagaaatagcaagttaaaataaggctag
176_alaA,alaA,PRO,CCG,45.0,SER,TCA,133,-6,CCC,-,gaagaaggtaacaaggtactgaaactgaacatcggcaacccagccTCAttcggttttgacgcgccagatgaaatcctcgttgacg,non template / coding strand,CGTCAAAACCGAACGGGGCT,TCCTCTGGCGGAAAGCCTgaagaaggtaacaaggtactgaaactgaacatcggcaacccagccTCAttcggttttgacgcgccagatgaaatcctcgttgacgGATCttgacagctagctcagtcctaggtataatactagtCGTCAAAACCGAACGGGGCTgttttagagctagaaatagcaagttaaaataaggctag
177_alaA,alaA,PRO,CCG,45.0,SER,TCC,133,-1,CCC,CAC,agaaggtaacaaggtactgaaactgaacatcggcaacccaGCATCCttcggttttgacgcgccagatgaaatcctcgttgacgtg,non template / coding strand,TGGCGCGTCAAAACCGAACG,TCCTCTGGCGGAAAGCCTagaaggtaacaaggtactgaaactgaacatcggcaacccaGCATCCttcggttttgacgcgccagatgaaatcctcgttgacgtgGATCttgacagctagctcagtcctaggtataatactagtTGGCGCGTCAAAACCGAACGgttttagagctagaaatagcaagttaaaataaggctag
178_alaA,alaA,PRO,CCG,45.0,SER,AGT,133,-1,CCC,CAC,agaaggtaacaaggtactgaaactgaacatcggcaacccaGCAAGTttcggttttgacgcgccagatgaaatcctcgttgacgtg,non template / coding strand,TGGCGCGTCAAAACCGAACG,TCCTCTGGCGGAAAGCCTagaaggtaacaaggtactgaaactgaacatcggcaacccaGCAAGTttcggttttgacgcgccagatgaaatcctcgttgacgtgGATCttgacagctagctcagtcctaggtataatactagtTGGCGCGTCAAAACCGAACGgttttagagctagaaatagcaagttaaaataaggctag
179_alaA,alaA,PRO,CCG,45.0,SER,AGC,133,-1,CCC,CAC,agaaggtaacaaggtactgaaactgaacatcggcaacccaGCAAGCttcggttttgacgcgccagatgaaatcctcgttgacgtg,non template / coding strand,TGGCGCGTCAAAACCGAACG,TCCTCTGGCGGAAAGCCTagaaggtaacaaggtactgaaactgaacatcggcaacccaGCAAGCttcggttttgacgcgccagatgaaatcctcgttgacgtgGATCttgacagctagctcagtcctaggtataatactagtTGGCGCGTCAAAACCGAACGgttttagagctagaaatagcaagttaaaataaggctag
180_alaA,alaA,PRO,CCG,45.0,SER,TCG,133,-1,CCC,CAC,agaaggtaacaaggtactgaaactgaacatcggcaacccaGCATCGttcggttttgacgcgccagatgaaatcctcgttgacgtg,non template / coding strand,TGGCGCGTCAAAACCGAACG,TCCTCTGGCGGAAAGCCTagaaggtaacaaggtactgaaactgaacatcggcaacccaGCATCGttcggttttgacgcgccagatgaaatcctcgttgacgtgGATCttgacagctagctcagtcctaggtataatactagtTGGCGCGTCAAAACCGAACGgttttagagctagaaatagcaagttaaaataaggctag
181_alaA,alaA,PRO,CCG,45.0,SER,TCT,133,-1,CCC,CAC,agaaggtaacaaggtactgaaactgaacatcggcaacccaGCATCTttcggttttgacgcgccagatgaaatcctcgttgacgtg,non template / coding strand,TGGCGCGTCAAAACCGAACG,TCCTCTGGCGGAAAGCCTagaaggtaacaaggtactgaaactgaacatcggcaacccaGCATCTttcggttttgacgcgccagatgaaatcctcgttgacgtgGATCttgacagctagctcagtcctaggtataatactagtTGGCGCGTCAAAACCGAACGgttttagagctagaaatagcaagttaaaataaggctag
182_alaA,alaA,PRO,CCG,45.0,SER,TCA,133,-1,CCC,CAC,agaaggtaacaaggtactgaaactgaacatcggcaacccaGCATCAttcggttttgacgcgccagatgaaatcctcgttgacgtg,non template / coding strand,TGGCGCGTCAAAACCGAACG,TCCTCTGGCGGAAAGCCTagaaggtaacaaggtactgaaactgaacatcggcaacccaGCATCAttcggttttgacgcgccagatgaaatcctcgttgacgtgGATCttgacagctagctcagtcctaggtataatactagtTGGCGCGTCAAAACCGAACGgttttagagctagaaatagcaagttaaaataaggctag
183_alaA,alaA,PRO,CCG,45.0,SER,TCC,133,30,CCT,TCT,ctgaaactgaacatcggcaacccagccTCCttcggttttgacgcgccagatgaaATTctcgttgacgtgatacgcaacctgccta,non template / coding strand,GGTTGCGTATCACGTCAACG,TCCTCTGGCGGAAAGCCTctgaaactgaacatcggcaacccagccTCCttcggttttgacgcgccagatgaaATTctcgttgacgtgatacgcaacctgcctaGATCttgacagctagctcagtcctaggtataatactagtGGTTGCGTATCACGTCAACGgttttagagctagaaatagcaagttaaaataaggctag
184_alaA,alaA,PRO,CCG,45.0,SER,AGT,133,30,CCT,TCT,ctgaaactgaacatcggcaacccagccAGTttcggttttgacgcgccagatgaaATTctcgttgacgtgatacgcaacctgccta,non template / coding strand,GGTTGCGTATCACGTCAACG,TCCTCTGGCGGAAAGCCTctgaaactgaacatcggcaacccagccAGTttcggttttgacgcgccagatgaaATTctcgttgacgtgatacgcaacctgcctaGATCttgacagctagctcagtcctaggtataatactagtGGTTGCGTATCACGTCAACGgttttagagctagaaatagcaagttaaaataaggctag
185_alaA,alaA,PRO,CCG,45.0,SER,AGC,133,30,CCT,TCT,ctgaaactgaacatcggcaacccagccAGCttcggttttgacgcgccagatgaaATTctcgttgacgtgatacgcaacctgccta,non template / coding strand,GGTTGCGTATCACGTCAACG,TCCTCTGGCGGAAAGCCTctgaaactgaacatcggcaacccagccAGCttcggttttgacgcgccagatgaaATTctcgttgacgtgatacgcaacctgcctaGATCttgacagctagctcagtcctaggtataatactagtGGTTGCGTATCACGTCAACGgttttagagctagaaatagcaagttaaaataaggctag
186_alaA,alaA,PRO,CCG,45.0,SER,TCG,133,30,CCT,TCT,ctgaaactgaacatcggcaacccagccTCGttcggttttgacgcgccagatgaaATTctcgttgacgtgatacgcaacctgccta,non template / coding strand,GGTTGCGTATCACGTCAACG,TCCTCTGGCGGAAAGCCTctgaaactgaacatcggcaacccagccTCGttcggttttgacgcgccagatgaaATTctcgttgacgtgatacgcaacctgcctaGATCttgacagctagctcagtcctaggtataatactagtGGTTGCGTATCACGTCAACGgttttagagctagaaatagcaagttaaaataaggctag
187_alaA,alaA,PRO,CCG,45.0,SER,TCT,133,30,CCT,TCT,ctgaaactgaacatcggcaacccagccTCTttcggttttgacgcgccagatgaaATTctcgttgacgtgatacgcaacctgccta,non template / coding strand,GGTTGCGTATCACGTCAACG,TCCTCTGGCGGAAAGCCTctgaaactgaacatcggcaacccagccTCTttcggttttgacgcgccagatgaaATTctcgttgacgtgatacgcaacctgcctaGATCttgacagctagctcagtcctaggtataatactagtGGTTGCGTATCACGTCAACGgttttagagctagaaatagcaagttaaaataaggctag
188_alaA,alaA,PRO,CCG,45.0,SER,TCA,133,30,CCT,TCT,ctgaaactgaacatcggcaacccagccTCAttcggttttgacgcgccagatgaaATTctcgttgacgtgatacgcaacctgccta,non template / coding strand,GGTTGCGTATCACGTCAACG,TCCTCTGGCGGAAAGCCTctgaaactgaacatcggcaacccagccTCAttcggttttgacgcgccagatgaaATTctcgttgacgtgatacgcaacctgcctaGATCttgacagctagctcagtcctaggtataatactagtGGTTGCGTATCACGTCAACGgttttagagctagaaatagcaagttaaaataaggctag
189_alaA,alaA,ASP,GAC,49.0,GLU,GAG,145,-13,CCC,CAC,taacaaggtactgaaactgaacatcggcaacccaGCAccgttcggttttGAGgcgccagatgaaatcctcgttgacgtgatacgc,non template / coding strand,TGGCGCGTCAAAACCGAACG,TCCTCTGGCGGAAAGCCTtaacaaggtactgaaactgaacatcggcaacccaGCAccgttcggttttGAGgcgccagatgaaatcctcgttgacgtgatacgcGATCttgacagctagctcagtcctaggtataatactagtTGGCGCGTCAAAACCGAACGgttttagagctagaaatagcaagttaaaataaggctag
190_alaA,alaA,ASP,GAC,49.0,GLU,GAG,145,18,CCT,TCT,ctgaacatcggcaacccagccccgttcggttttGAGgcgccagatgaaATTctcgttgacgtgatacgcaacctgcctaccgctc,non template / coding strand,GGTTGCGTATCACGTCAACG,TCCTCTGGCGGAAAGCCTctgaacatcggcaacccagccccgttcggttttGAGgcgccagatgaaATTctcgttgacgtgatacgcaacctgcctaccgctcGATCttgacagctagctcagtcctaggtataatactagtGGTTGCGTATCACGTCAACGgttttagagctagaaatagcaagttaaaataaggctag
191_alaA,alaA,GLU,GAA,53.0,ASP,GAC,157,-18,CGG,-,ctgaaactgaacatcggcaacccagccccgttcggttttgacgcgccagatGACatcctcgttgacgtgatacgcaacctgccta,template / non coding strand,TCGGCAACCCAGCCCCGTTC,TCCTCTGGCGGAAAGCCTctgaaactgaacatcggcaacccagccccgttcggttttgacgcgccagatGACatcctcgttgacgtgatacgcaacctgcctaGATCttgacagctagctcagtcctaggtataatactagtTCGGCAACCCAGCCCCGTTCgttttagagctagaaatagcaagttaaaataaggctag
192_alaA,alaA,GLU,GAA,53.0,ASP,GAT,157,-18,CGG,-,ctgaaactgaacatcggcaacccagccccgttcggttttgacgcgccagatGATatcctcgttgacgtgatacgcaacctgccta,template / non coding strand,TCGGCAACCCAGCCCCGTTC,TCCTCTGGCGGAAAGCCTctgaaactgaacatcggcaacccagccccgttcggttttgacgcgccagatGATatcctcgttgacgtgatacgcaacctgcctaGATCttgacagctagctcagtcctaggtataatactagtTCGGCAACCCAGCCCCGTTCgttttagagctagaaatagcaagttaaaataaggctag
193_alaA,alaA,GLU,GAA,53.0,ASP,GAC,157,-29,CCA,-,aaggtactgaaactgaacatcggcaacccagccccgttcggttttgacgcgccagatGACatcctcgttgacgtgatacgcaacc,non template / coding strand,GCGTCAAAACCGAACGGGGC,TCCTCTGGCGGAAAGCCTaaggtactgaaactgaacatcggcaacccagccccgttcggttttgacgcgccagatGACatcctcgttgacgtgatacgcaaccGATCttgacagctagctcagtcctaggtataatactagtGCGTCAAAACCGAACGGGGCgttttagagctagaaatagcaagttaaaataaggctag
194_alaA,alaA,GLU,GAA,53.0,ASP,GAT,157,-29,CCA,-,aaggtactgaaactgaacatcggcaacccagccccgttcggttttgacgcgccagatGATatcctcgttgacgtgatacgcaacc,non template / coding strand,GCGTCAAAACCGAACGGGGC,TCCTCTGGCGGAAAGCCTaaggtactgaaactgaacatcggcaacccagccccgttcggttttgacgcgccagatGATatcctcgttgacgtgatacgcaaccGATCttgacagctagctcagtcctaggtataatactagtGCGTCAAAACCGAACGGGGCgttttagagctagaaatagcaagttaaaataaggctag
195_alaA,alaA,GLU,GAA,53.0,ASP,GAC,157,-25,CCC,CAC,ggtactgaaactgaacatcggcaacccaGCAccgttcggttttgacgcgccagatGACatcctcgttgacgtgatacgcaacctg,non template / coding strand,TGGCGCGTCAAAACCGAACG,TCCTCTGGCGGAAAGCCTggtactgaaactgaacatcggcaacccaGCAccgttcggttttgacgcgccagatGACatcctcgttgacgtgatacgcaacctgGATCttgacagctagctcagtcctaggtataatactagtTGGCGCGTCAAAACCGAACGgttttagagctagaaatagcaagttaaaataaggctag
196_alaA,alaA,GLU,GAA,53.0,ASP,GAT,157,-25,CCC,CAC,ggtactgaaactgaacatcggcaacccaGCAccgttcggttttgacgcgccagatGATatcctcgttgacgtgatacgcaacctg,non template / coding strand,TGGCGCGTCAAAACCGAACG,TCCTCTGGCGGAAAGCCTggtactgaaactgaacatcggcaacccaGCAccgttcggttttgacgcgccagatGATatcctcgttgacgtgatacgcaacctgGATCttgacagctagctcagtcctaggtataatactagtTGGCGCGTCAAAACCGAACGgttttagagctagaaatagcaagttaaaataaggctag
197_alaA,alaA,GLU,GAA,53.0,ASP,GAC,157,-5,CCA,-,ctgaacatcggcaacccagccccgttcggttttgacgcgccagatGACatcctcgttgacgtgatacgcaacctgcctaccgctc,non template / coding strand,ACGTCAACGAGGATTTCATC,TCCTCTGGCGGAAAGCCTctgaacatcggcaacccagccccgttcggttttgacgcgccagatGACatcctcgttgacgtgatacgcaacctgcctaccgctcGATCttgacagctagctcagtcctaggtataatactagtACGTCAACGAGGATTTCATCgttttagagctagaaatagcaagttaaaataaggctag
198_alaA,alaA,GLU,GAA,53.0,ASP,GAT,157,-5,CCA,-,ctgaacatcggcaacccagccccgttcggttttgacgcgccagatGATatcctcgttgacgtgatacgcaacctgcctaccgctc,non template / coding strand,ACGTCAACGAGGATTTCATC,TCCTCTGGCGGAAAGCCTctgaacatcggcaacccagccccgttcggttttgacgcgccagatGATatcctcgttgacgtgatacgcaacctgcctaccgctcGATCttgacagctagctcagtcctaggtataatactagtACGTCAACGAGGATTTCATCgttttagagctagaaatagcaagttaaaataaggctag
199_alaA,alaA,GLU,GAA,53.0,ASP,GAC,157,6,CCT,TCT,atcggcaacccagccccgttcggttttgacgcgccagatGACATTctcgttgacgtgatacgcaacctgcctaccgctcaagggt,non template / coding strand,GGTTGCGTATCACGTCAACG,TCCTCTGGCGGAAAGCCTatcggcaacccagccccgttcggttttgacgcgccagatGACATTctcgttgacgtgatacgcaacctgcctaccgctcaagggtGATCttgacagctagctcagtcctaggtataatactagtGGTTGCGTATCACGTCAACGgttttagagctagaaatagcaagttaaaataaggctag
200_alaA,alaA,GLU,GAA,53.0,ASP,GAT,157,6,CCT,TCT,atcggcaacccagccccgttcggttttgacgcgccagatGATATTctcgttgacgtgatacgcaacctgcctaccgctcaagggt,non template / coding strand,GGTTGCGTATCACGTCAACG,TCCTCTGGCGGAAAGCCTatcggcaacccagccccgttcggttttgacgcgccagatGATATTctcgttgacgtgatacgcaacctgcctaccgctcaagggtGATCttgacagctagctcagtcctaggtataatactagtGGTTGCGTATCACGTCAACGgttttagagctagaaatagcaagttaaaataaggctag
201_alaA,alaA,GLU,GAA,53.0,ASP,GAC,157,27,CCT,TCT,agccccgttcggttttgacgcgccagatGACatcctcgttgacgtgatacgcAATctgcctaccgctcaagggtattgcgattcc,non template / coding strand,AATACCCTTGAGCGGTAGGC,TCCTCTGGCGGAAAGCCTagccccgttcggttttgacgcgccagatGACatcctcgttgacgtgatacgcAATctgcctaccgctcaagggtattgcgattccGATCttgacagctagctcagtcctaggtataatactagtAATACCCTTGAGCGGTAGGCgttttagagctagaaatagcaagttaaaataaggctag
202_alaA,alaA,GLU,GAA,53.0,ASP,GAT,157,27,CCT,TCT,agccccgttcggttttgacgcgccagatGATatcctcgttgacgtgatacgcAATctgcctaccgctcaagggtattgcgattcc,non template / coding strand,AATACCCTTGAGCGGTAGGC,TCCTCTGGCGGAAAGCCTagccccgttcggttttgacgcgccagatGATatcctcgttgacgtgatacgcAATctgcctaccgctcaagggtattgcgattccGATCttgacagctagctcagtcctaggtataatactagtAATACCCTTGAGCGGTAGGCgttttagagctagaaatagcaagttaaaataaggctag
203_alaA,alaA,ILE,ATC,54.0,VAL,GTT,160,-21,CGG,-,tgaaactgaacatcggcaacccagccccgttcggttttgacgcgccagatgaaGTTctcgttgacgtgatacgcaacctgcctac,template / non coding strand,TCGGCAACCCAGCCCCGTTC,TCCTCTGGCGGAAAGCCTtgaaactgaacatcggcaacccagccccgttcggttttgacgcgccagatgaaGTTctcgttgacgtgatacgcaacctgcctacGATCttgacagctagctcagtcctaggtataatactagtTCGGCAACCCAGCCCCGTTCgttttagagctagaaatagcaagttaaaataaggctag
204_alaA,alaA,ILE,ATC,54.0,VAL,GTG,160,-21,CGG,-,tgaaactgaacatcggcaacccagccccgttcggttttgacgcgccagatgaaGTGctcgttgacgtgatacgcaacctgcctac,template / non coding strand,TCGGCAACCCAGCCCCGTTC,TCCTCTGGCGGAAAGCCTtgaaactgaacatcggcaacccagccccgttcggttttgacgcgccagatgaaGTGctcgttgacgtgatacgcaacctgcctacGATCttgacagctagctcagtcctaggtataatactagtTCGGCAACCCAGCCCCGTTCgttttagagctagaaatagcaagttaaaataaggctag
205_alaA,alaA,ILE,ATC,54.0,VAL,GTC,160,-28,CCC,CAC,tactgaaactgaacatcggcaacccaGCAccgttcggttttgacgcgccagatgaaGTCctcgttgacgtgatacgcaacctgcc,non template / coding strand,TGGCGCGTCAAAACCGAACG,TCCTCTGGCGGAAAGCCTtactgaaactgaacatcggcaacccaGCAccgttcggttttgacgcgccagatgaaGTCctcgttgacgtgatacgcaacctgccGATCttgacagctagctcagtcctaggtataatactagtTGGCGCGTCAAAACCGAACGgttttagagctagaaatagcaagttaaaataaggctag
206_alaA,alaA,ILE,ATC,54.0,VAL,GTT,160,-28,CCC,CAC,tactgaaactgaacatcggcaacccaGCAccgttcggttttgacgcgccagatgaaGTTctcgttgacgtgatacgcaacctgcc,non template / coding strand,TGGCGCGTCAAAACCGAACG,TCCTCTGGCGGAAAGCCTtactgaaactgaacatcggcaacccaGCAccgttcggttttgacgcgccagatgaaGTTctcgttgacgtgatacgcaacctgccGATCttgacagctagctcagtcctaggtataatactagtTGGCGCGTCAAAACCGAACGgttttagagctagaaatagcaagttaaaataaggctag
207_alaA,alaA,ILE,ATC,54.0,VAL,GTG,160,-28,CCC,CAC,tactgaaactgaacatcggcaacccaGCAccgttcggttttgacgcgccagatgaaGTGctcgttgacgtgatacgcaacctgcc,non template / coding strand,TGGCGCGTCAAAACCGAACG,TCCTCTGGCGGAAAGCCTtactgaaactgaacatcggcaacccaGCAccgttcggttttgacgcgccagatgaaGTGctcgttgacgtgatacgcaacctgccGATCttgacagctagctcagtcctaggtataatactagtTGGCGCGTCAAAACCGAACGgttttagagctagaaatagcaagttaaaataaggctag
208_alaA,alaA,ILE,ATC,54.0,VAL,GTT,160,-8,CCA,-,gaacatcggcaacccagccccgttcggttttgacgcgccagatgaaGTTctcgttgacgtgatacgcaacctgcctaccgctcaa,non template / coding strand,ACGTCAACGAGGATTTCATC,TCCTCTGGCGGAAAGCCTgaacatcggcaacccagccccgttcggttttgacgcgccagatgaaGTTctcgttgacgtgatacgcaacctgcctaccgctcaaGATCttgacagctagctcagtcctaggtataatactagtACGTCAACGAGGATTTCATCgttttagagctagaaatagcaagttaaaataaggctag
209_alaA,alaA,ILE,ATC,54.0,VAL,GTG,160,-8,CCA,-,gaacatcggcaacccagccccgttcggttttgacgcgccagatgaaGTGctcgttgacgtgatacgcaacctgcctaccgctcaa,non template / coding strand,ACGTCAACGAGGATTTCATC,TCCTCTGGCGGAAAGCCTgaacatcggcaacccagccccgttcggttttgacgcgccagatgaaGTGctcgttgacgtgatacgcaacctgcctaccgctcaaGATCttgacagctagctcagtcctaggtataatactagtACGTCAACGAGGATTTCATCgttttagagctagaaatagcaagttaaaataaggctag
210_alaA,alaA,ILE,ATC,54.0,VAL,GTC,160,24,CCT,TCT,gccccgttcggttttgacgcgccagatgaaGTCctcgttgacgtgatacgcAATctgcctaccgctcaagggtattgcgattcca,non template / coding strand,AATACCCTTGAGCGGTAGGC,TCCTCTGGCGGAAAGCCTgccccgttcggttttgacgcgccagatgaaGTCctcgttgacgtgatacgcAATctgcctaccgctcaagggtattgcgattccaGATCttgacagctagctcagtcctaggtataatactagtAATACCCTTGAGCGGTAGGCgttttagagctagaaatagcaagttaaaataaggctag
211_alaA,alaA,ILE,ATC,54.0,VAL,GTT,160,24,CCT,TCT,gccccgttcggttttgacgcgccagatgaaGTTctcgttgacgtgatacgcAATctgcctaccgctcaagggtattgcgattcca,non template / coding strand,AATACCCTTGAGCGGTAGGC,TCCTCTGGCGGAAAGCCTgccccgttcggttttgacgcgccagatgaaGTTctcgttgacgtgatacgcAATctgcctaccgctcaagggtattgcgattccaGATCttgacagctagctcagtcctaggtataatactagtAATACCCTTGAGCGGTAGGCgttttagagctagaaatagcaagttaaaataaggctag
212_alaA,alaA,ILE,ATC,54.0,VAL,GTG,160,24,CCT,TCT,gccccgttcggttttgacgcgccagatgaaGTGctcgttgacgtgatacgcAATctgcctaccgctcaagggtattgcgattcca,non template / coding strand,AATACCCTTGAGCGGTAGGC,TCCTCTGGCGGAAAGCCTgccccgttcggttttgacgcgccagatgaaGTGctcgttgacgtgatacgcAATctgcctaccgctcaagggtattgcgattccaGATCttgacagctagctcagtcctaggtataatactagtAATACCCTTGAGCGGTAGGCgttttagagctagaaatagcaagttaaaataaggctag
213_alaA,alaA,VAL,GTT,56.0,ILE,ATT,166,-27,CGG,-,aactgaacatcggcaacccagccccgttcggttttgacgcgccagatgaaatcctcATTgacgtgatacgcaacctgcctaccgc,template / non coding strand,TCGGCAACCCAGCCCCGTTC,TCCTCTGGCGGAAAGCCTaactgaacatcggcaacccagccccgttcggttttgacgcgccagatgaaatcctcATTgacgtgatacgcaacctgcctaccgcGATCttgacagctagctcagtcctaggtataatactagtTCGGCAACCCAGCCCCGTTCgttttagagctagaaatagcaagttaaaataaggctag
214_alaA,alaA,VAL,GTT,56.0,ILE,ATA,166,-27,CGG,-,aactgaacatcggcaacccagccccgttcggttttgacgcgccagatgaaatcctcATAgacgtgatacgcaacctgcctaccgc,template / non coding strand,TCGGCAACCCAGCCCCGTTC,TCCTCTGGCGGAAAGCCTaactgaacatcggcaacccagccccgttcggttttgacgcgccagatgaaatcctcATAgacgtgatacgcaacctgcctaccgcGATCttgacagctagctcagtcctaggtataatactagtTCGGCAACCCAGCCCCGTTCgttttagagctagaaatagcaagttaaaataaggctag
215_alaA,alaA,VAL,GTT,56.0,ILE,ATT,166,-14,CCA,-,catcggcaacccagccccgttcggttttgacgcgccagatgaaatcctcATTgacgtgatacgcaacctgcctaccgctcaaggg,non template / coding strand,ACGTCAACGAGGATTTCATC,TCCTCTGGCGGAAAGCCTcatcggcaacccagccccgttcggttttgacgcgccagatgaaatcctcATTgacgtgatacgcaacctgcctaccgctcaagggGATCttgacagctagctcagtcctaggtataatactagtACGTCAACGAGGATTTCATCgttttagagctagaaatagcaagttaaaataaggctag
216_alaA,alaA,VAL,GTT,56.0,ILE,ATA,166,-14,CCA,-,catcggcaacccagccccgttcggttttgacgcgccagatgaaatcctcATAgacgtgatacgcaacctgcctaccgctcaaggg,non template / coding strand,ACGTCAACGAGGATTTCATC,TCCTCTGGCGGAAAGCCTcatcggcaacccagccccgttcggttttgacgcgccagatgaaatcctcATAgacgtgatacgcaacctgcctaccgctcaagggGATCttgacagctagctcagtcctaggtataatactagtACGTCAACGAGGATTTCATCgttttagagctagaaatagcaagttaaaataaggctag
217_alaA,alaA,VAL,GTT,56.0,ILE,ATT,166,-3,CCT,-,gcaacccagccccgttcggttttgacgcgccagatgaaatcctcATTgacgtgatacgcaacctgcctaccgctcaagggtattg,non template / coding strand,GGTTGCGTATCACGTCAACG,TCCTCTGGCGGAAAGCCTgcaacccagccccgttcggttttgacgcgccagatgaaatcctcATTgacgtgatacgcaacctgcctaccgctcaagggtattgGATCttgacagctagctcagtcctaggtataatactagtGGTTGCGTATCACGTCAACGgttttagagctagaaatagcaagttaaaataaggctag
218_alaA,alaA,VAL,GTT,56.0,ILE,ATA,166,-3,CCT,-,gcaacccagccccgttcggttttgacgcgccagatgaaatcctcATAgacgtgatacgcaacctgcctaccgctcaagggtattg,non template / coding strand,GGTTGCGTATCACGTCAACG,TCCTCTGGCGGAAAGCCTgcaacccagccccgttcggttttgacgcgccagatgaaatcctcATAgacgtgatacgcaacctgcctaccgctcaagggtattgGATCttgacagctagctcagtcctaggtataatactagtGGTTGCGTATCACGTCAACGgttttagagctagaaatagcaagttaaaataaggctag
219_alaA,alaA,VAL,GTT,56.0,ILE,ATT,166,18,CCT,TCT,ccgttcggttttgacgcgccagatgaaatcctcATTgacgtgatacgcAATctgcctaccgctcaagggtattgcgattccaaag,non template / coding strand,AATACCCTTGAGCGGTAGGC,TCCTCTGGCGGAAAGCCTccgttcggttttgacgcgccagatgaaatcctcATTgacgtgatacgcAATctgcctaccgctcaagggtattgcgattccaaagGATCttgacagctagctcagtcctaggtataatactagtAATACCCTTGAGCGGTAGGCgttttagagctagaaatagcaagttaaaataaggctag
220_alaA,alaA,VAL,GTT,56.0,ILE,ATA,166,18,CCT,TCT,ccgttcggttttgacgcgccagatgaaatcctcATAgacgtgatacgcAATctgcctaccgctcaagggtattgcgattccaaag,non template / coding strand,AATACCCTTGAGCGGTAGGC,TCCTCTGGCGGAAAGCCTccgttcggttttgacgcgccagatgaaatcctcATAgacgtgatacgcAATctgcctaccgctcaagggtattgcgattccaaagGATCttgacagctagctcagtcctaggtataatactagtAATACCCTTGAGCGGTAGGCgttttagagctagaaatagcaagttaaaataaggctag
221_alaA,alaA,ARG,CGC,60.0,HIS,CAC,178,-26,CCA,-,caacccagccccgttcggttttgacgcgccagatgaaatcctcgttgacgtgataCACaacctgcctaccgctcaagggtattgc,non template / coding strand,ACGTCAACGAGGATTTCATC,TCCTCTGGCGGAAAGCCTcaacccagccccgttcggttttgacgcgccagatgaaatcctcgttgacgtgataCACaacctgcctaccgctcaagggtattgcGATCttgacagctagctcagtcctaggtataatactagtACGTCAACGAGGATTTCATCgttttagagctagaaatagcaagttaaaataaggctag
222_alaA,alaA,ARG,CGC,60.0,HIS,CAC,178,-15,CCT,-,cagccccgttcggttttgacgcgccagatgaaatcctcgttgacgtgataCACaacctgcctaccgctcaagggtattgcgattc,non template / coding strand,GGTTGCGTATCACGTCAACG,TCCTCTGGCGGAAAGCCTcagccccgttcggttttgacgcgccagatgaaatcctcgttgacgtgataCACaacctgcctaccgctcaagggtattgcgattcGATCttgacagctagctcagtcctaggtataatactagtGGTTGCGTATCACGTCAACGgttttagagctagaaatagcaagttaaaataaggctag
223_alaA,alaA,ARG,CGC,60.0,HIS,CAC,178,6,CCT,TCT,ggttttgacgcgccagatgaaatcctcgttgacgtgataCACAATctgcctaccgctcaagggtattgcgattccaaaggtcttt,non template / coding strand,AATACCCTTGAGCGGTAGGC,TCCTCTGGCGGAAAGCCTggttttgacgcgccagatgaaatcctcgttgacgtgataCACAATctgcctaccgctcaagggtattgcgattccaaaggtctttGATCttgacagctagctcagtcctaggtataatactagtAATACCCTTGAGCGGTAGGCgttttagagctagaaatagcaagttaaaataaggctag
224_alaA,alaA,ALA,GCT,65.0,SER,AGT,193,-9,CCT,CTT,acgcgccagatgaaatcctcgttgacgtgatacgcaacTTGcctaccAGTcaagggtattgcgattccaaaggtctttactccgc,non template / coding strand,AATACCCTTGAGCGGTAGGC,TCCTCTGGCGGAAAGCCTacgcgccagatgaaatcctcgttgacgtgatacgcaacTTGcctaccAGTcaagggtattgcgattccaaaggtctttactccgcGATCttgacagctagctcagtcctaggtataatactagtAATACCCTTGAGCGGTAGGCgttttagagctagaaatagcaagttaaaataaggctag
225_alaA,alaA,ALA,GCT,65.0,SER,AGC,193,-9,CCT,CTT,acgcgccagatgaaatcctcgttgacgtgatacgcaacTTGcctaccAGCcaagggtattgcgattccaaaggtctttactccgc,non template / coding strand,AATACCCTTGAGCGGTAGGC,TCCTCTGGCGGAAAGCCTacgcgccagatgaaatcctcgttgacgtgatacgcaacTTGcctaccAGCcaagggtattgcgattccaaaggtctttactccgcGATCttgacagctagctcagtcctaggtataatactagtAATACCCTTGAGCGGTAGGCgttttagagctagaaatagcaagttaaaataaggctag
226_alaA,alaA,ALA,GCT,65.0,SER,TCG,193,-9,CCT,CTT,acgcgccagatgaaatcctcgttgacgtgatacgcaacTTGcctaccTCGcaagggtattgcgattccaaaggtctttactccgc,non template / coding strand,AATACCCTTGAGCGGTAGGC,TCCTCTGGCGGAAAGCCTacgcgccagatgaaatcctcgttgacgtgatacgcaacTTGcctaccTCGcaagggtattgcgattccaaaggtctttactccgcGATCttgacagctagctcagtcctaggtataatactagtAATACCCTTGAGCGGTAGGCgttttagagctagaaatagcaagttaaaataaggctag
227_alaA,alaA,ALA,GCT,65.0,SER,TCT,193,-9,CCT,CTT,acgcgccagatgaaatcctcgttgacgtgatacgcaacTTGcctaccTCTcaagggtattgcgattccaaaggtctttactccgc,non template / coding strand,AATACCCTTGAGCGGTAGGC,TCCTCTGGCGGAAAGCCTacgcgccagatgaaatcctcgttgacgtgatacgcaacTTGcctaccTCTcaagggtattgcgattccaaaggtctttactccgcGATCttgacagctagctcagtcctaggtataatactagtAATACCCTTGAGCGGTAGGCgttttagagctagaaatagcaagttaaaataaggctag
228_alaA,alaA,ALA,GCT,65.0,SER,TCA,193,-9,CCT,CTT,acgcgccagatgaaatcctcgttgacgtgatacgcaacTTGcctaccTCAcaagggtattgcgattccaaaggtctttactccgc,non template / coding strand,AATACCCTTGAGCGGTAGGC,TCCTCTGGCGGAAAGCCTacgcgccagatgaaatcctcgttgacgtgatacgcaacTTGcctaccTCAcaagggtattgcgattccaaaggtctttactccgcGATCttgacagctagctcagtcctaggtataatactagtAATACCCTTGAGCGGTAGGCgttttagagctagaaatagcaagttaaaataaggctag
229_alaA,alaA,ALA,GCT,65.0,SER,AGT,193,-5,CCT,-,gcgccagatgaaatcctcgttgacgtgatacgcaacctgcctaccAGTcaagggtattgcgattccaaaggtctttactccgcgc,non template / coding strand,TCGCAATACCCTTGAGCGGT,TCCTCTGGCGGAAAGCCTgcgccagatgaaatcctcgttgacgtgatacgcaacctgcctaccAGTcaagggtattgcgattccaaaggtctttactccgcgcGATCttgacagctagctcagtcctaggtataatactagtTCGCAATACCCTTGAGCGGTgttttagagctagaaatagcaagttaaaataaggctag
230_alaA,alaA,ALA,GCT,65.0,SER,TCG,193,-5,CCT,-,gcgccagatgaaatcctcgttgacgtgatacgcaacctgcctaccTCGcaagggtattgcgattccaaaggtctttactccgcgc,non template / coding strand,TCGCAATACCCTTGAGCGGT,TCCTCTGGCGGAAAGCCTgcgccagatgaaatcctcgttgacgtgatacgcaacctgcctaccTCGcaagggtattgcgattccaaaggtctttactccgcgcGATCttgacagctagctcagtcctaggtataatactagtTCGCAATACCCTTGAGCGGTgttttagagctagaaatagcaagttaaaataaggctag
231_alaA,alaA,ALA,GCT,65.0,SER,TCT,193,-5,CCT,-,gcgccagatgaaatcctcgttgacgtgatacgcaacctgcctaccTCTcaagggtattgcgattccaaaggtctttactccgcgc,non template / coding strand,TCGCAATACCCTTGAGCGGT,TCCTCTGGCGGAAAGCCTgcgccagatgaaatcctcgttgacgtgatacgcaacctgcctaccTCTcaagggtattgcgattccaaaggtctttactccgcgcGATCttgacagctagctcagtcctaggtataatactagtTCGCAATACCCTTGAGCGGTgttttagagctagaaatagcaagttaaaataaggctag
232_alaA,alaA,ALA,GCT,65.0,SER,TCA,193,-5,CCT,-,gcgccagatgaaatcctcgttgacgtgatacgcaacctgcctaccTCAcaagggtattgcgattccaaaggtctttactccgcgc,non template / coding strand,TCGCAATACCCTTGAGCGGT,TCCTCTGGCGGAAAGCCTgcgccagatgaaatcctcgttgacgtgatacgcaacctgcctaccTCAcaagggtattgcgattccaaaggtctttactccgcgcGATCttgacagctagctcagtcctaggtataatactagtTCGCAATACCCTTGAGCGGTgttttagagctagaaatagcaagttaaaataaggctag
233_alaA,alaA,ALA,GCT,65.0,SER,AGT,193,-1,CCG,CTG,gccagatgaaatcctcgttgacgtgatacgcaacctgcctACTAGTcaagggtattgcgattccaaaggtctttactccgcgcgt,non template / coding strand,GGAATCGCAATACCCTTGAG,TCCTCTGGCGGAAAGCCTgccagatgaaatcctcgttgacgtgatacgcaacctgcctACTAGTcaagggtattgcgattccaaaggtctttactccgcgcgtGATCttgacagctagctcagtcctaggtataatactagtGGAATCGCAATACCCTTGAGgttttagagctagaaatagcaagttaaaataaggctag
234_alaA,alaA,ALA,GCT,65.0,SER,AGC,193,-1,CCG,CTG,gccagatgaaatcctcgttgacgtgatacgcaacctgcctACTAGCcaagggtattgcgattccaaaggtctttactccgcgcgt,non template / coding strand,GGAATCGCAATACCCTTGAG,TCCTCTGGCGGAAAGCCTgccagatgaaatcctcgttgacgtgatacgcaacctgcctACTAGCcaagggtattgcgattccaaaggtctttactccgcgcgtGATCttgacagctagctcagtcctaggtataatactagtGGAATCGCAATACCCTTGAGgttttagagctagaaatagcaagttaaaataaggctag
235_alaA,alaA,ALA,GCT,65.0,SER,TCG,193,-1,CCG,CTG,gccagatgaaatcctcgttgacgtgatacgcaacctgcctACTTCGcaagggtattgcgattccaaaggtctttactccgcgcgt,non template / coding strand,GGAATCGCAATACCCTTGAG,TCCTCTGGCGGAAAGCCTgccagatgaaatcctcgttgacgtgatacgcaacctgcctACTTCGcaagggtattgcgattccaaaggtctttactccgcgcgtGATCttgacagctagctcagtcctaggtataatactagtGGAATCGCAATACCCTTGAGgttttagagctagaaatagcaagttaaaataaggctag
236_alaA,alaA,ALA,GCT,65.0,SER,TCT,193,-1,CCG,CTG,gccagatgaaatcctcgttgacgtgatacgcaacctgcctACTTCTcaagggtattgcgattccaaaggtctttactccgcgcgt,non template / coding strand,GGAATCGCAATACCCTTGAG,TCCTCTGGCGGAAAGCCTgccagatgaaatcctcgttgacgtgatacgcaacctgcctACTTCTcaagggtattgcgattccaaaggtctttactccgcgcgtGATCttgacagctagctcagtcctaggtataatactagtGGAATCGCAATACCCTTGAGgttttagagctagaaatagcaagttaaaataaggctag
237_alaA,alaA,ALA,GCT,65.0,SER,TCA,193,-1,CCG,CTG,gccagatgaaatcctcgttgacgtgatacgcaacctgcctACTTCAcaagggtattgcgattccaaaggtctttactccgcgcgt,non template / coding strand,GGAATCGCAATACCCTTGAG,TCCTCTGGCGGAAAGCCTgccagatgaaatcctcgttgacgtgatacgcaacctgcctACTTCAcaagggtattgcgattccaaaggtctttactccgcgcgtGATCttgacagctagctcagtcctaggtataatactagtGGAATCGCAATACCCTTGAGgttttagagctagaaatagcaagttaaaataaggctag
238_alaA,alaA,ARG,CGT,91.0,SER,AGT,271,-13,AGG,AAG,ttactccgcgcgtaaagccatcatgcagcactacCAAgctcgtggcatgAGTgatgttaccgtggaagatatttacatcggcaat,template / non coding strand,AGCCATCATGCAGCACTACC,TCCTCTGGCGGAAAGCCTttactccgcgcgtaaagccatcatgcagcactacCAAgctcgtggcatgAGTgatgttaccgtggaagatatttacatcggcaatGATCttgacagctagctcagtcctaggtataatactagtAGCCATCATGCAGCACTACCgttttagagctagaaatagcaagttaaaataaggctag
239_alaA,alaA,ARG,CGT,91.0,SER,AGC,271,-13,AGG,AAG,ttactccgcgcgtaaagccatcatgcagcactacCAAgctcgtggcatgAGCgatgttaccgtggaagatatttacatcggcaat,template / non coding strand,AGCCATCATGCAGCACTACC,TCCTCTGGCGGAAAGCCTttactccgcgcgtaaagccatcatgcagcactacCAAgctcgtggcatgAGCgatgttaccgtggaagatatttacatcggcaatGATCttgacagctagctcagtcctaggtataatactagtAGCCATCATGCAGCACTACCgttttagagctagaaatagcaagttaaaataaggctag
240_alaA,alaA,ARG,CGT,91.0,SER,TCG,271,-13,AGG,AAG,ttactccgcgcgtaaagccatcatgcagcactacCAAgctcgtggcatgTCGgatgttaccgtggaagatatttacatcggcaat,template / non coding strand,AGCCATCATGCAGCACTACC,TCCTCTGGCGGAAAGCCTttactccgcgcgtaaagccatcatgcagcactacCAAgctcgtggcatgTCGgatgttaccgtggaagatatttacatcggcaatGATCttgacagctagctcagtcctaggtataatactagtAGCCATCATGCAGCACTACCgttttagagctagaaatagcaagttaaaataaggctag
241_alaA,alaA,ARG,CGT,91.0,SER,TCT,271,-13,AGG,AAG,ttactccgcgcgtaaagccatcatgcagcactacCAAgctcgtggcatgTCTgatgttaccgtggaagatatttacatcggcaat,template / non coding strand,AGCCATCATGCAGCACTACC,TCCTCTGGCGGAAAGCCTttactccgcgcgtaaagccatcatgcagcactacCAAgctcgtggcatgTCTgatgttaccgtggaagatatttacatcggcaatGATCttgacagctagctcagtcctaggtataatactagtAGCCATCATGCAGCACTACCgttttagagctagaaatagcaagttaaaataaggctag
242_alaA,alaA,ARG,CGT,91.0,SER,TCA,271,-13,AGG,AAG,ttactccgcgcgtaaagccatcatgcagcactacCAAgctcgtggcatgTCAgatgttaccgtggaagatatttacatcggcaat,template / non coding strand,AGCCATCATGCAGCACTACC,TCCTCTGGCGGAAAGCCTttactccgcgcgtaaagccatcatgcagcactacCAAgctcgtggcatgTCAgatgttaccgtggaagatatttacatcggcaatGATCttgacagctagctcagtcctaggtataatactagtAGCCATCATGCAGCACTACCgttttagagctagaaatagcaagttaaaataaggctag
243_alaA,alaA,ARG,CGT,91.0,SER,AGT,271,-6,TGG,-,tccgcgcgtaaagccatcatgcagcactaccaggctcgtggcatgAGTgatgttaccgtggaagatatttacatcggcaatggtg,template / non coding strand,TGCAGCACTACCAGGCTCGT,TCCTCTGGCGGAAAGCCTtccgcgcgtaaagccatcatgcagcactaccaggctcgtggcatgAGTgatgttaccgtggaagatatttacatcggcaatggtgGATCttgacagctagctcagtcctaggtataatactagtTGCAGCACTACCAGGCTCGTgttttagagctagaaatagcaagttaaaataaggctag
244_alaA,alaA,ARG,CGT,91.0,SER,AGC,271,-6,TGG,-,tccgcgcgtaaagccatcatgcagcactaccaggctcgtggcatgAGCgatgttaccgtggaagatatttacatcggcaatggtg,template / non coding strand,TGCAGCACTACCAGGCTCGT,TCCTCTGGCGGAAAGCCTtccgcgcgtaaagccatcatgcagcactaccaggctcgtggcatgAGCgatgttaccgtggaagatatttacatcggcaatggtgGATCttgacagctagctcagtcctaggtataatactagtTGCAGCACTACCAGGCTCGTgttttagagctagaaatagcaagttaaaataaggctag
245_alaA,alaA,ARG,CGT,91.0,SER,TCT,271,-6,TGG,-,tccgcgcgtaaagccatcatgcagcactaccaggctcgtggcatgTCTgatgttaccgtggaagatatttacatcggcaatggtg,template / non coding strand,TGCAGCACTACCAGGCTCGT,TCCTCTGGCGGAAAGCCTtccgcgcgtaaagccatcatgcagcactaccaggctcgtggcatgTCTgatgttaccgtggaagatatttacatcggcaatggtgGATCttgacagctagctcagtcctaggtataatactagtTGCAGCACTACCAGGCTCGTgttttagagctagaaatagcaagttaaaataaggctag
246_alaA,alaA,ARG,CGT,91.0,SER,TCA,271,-6,TGG,-,tccgcgcgtaaagccatcatgcagcactaccaggctcgtggcatgTCAgatgttaccgtggaagatatttacatcggcaatggtg,template / non coding strand,TGCAGCACTACCAGGCTCGT,TCCTCTGGCGGAAAGCCTtccgcgcgtaaagccatcatgcagcactaccaggctcgtggcatgTCAgatgttaccgtggaagatatttacatcggcaatggtgGATCttgacagctagctcagtcctaggtataatactagtTGCAGCACTACCAGGCTCGTgttttagagctagaaatagcaagttaaaataaggctag
247_alaA,alaA,ARG,CGT,91.0,SER,AGT,271,-15,CCA,-,tttactccgcgcgtaaagccatcatgcagcactaccaggctcgtggcatgAGTgatgttaccgtggaagatatttacatcggcaa,non template / coding strand,CATCACGCATGCCACGAGCC,TCCTCTGGCGGAAAGCCTtttactccgcgcgtaaagccatcatgcagcactaccaggctcgtggcatgAGTgatgttaccgtggaagatatttacatcggcaaGATCttgacagctagctcagtcctaggtataatactagtCATCACGCATGCCACGAGCCgttttagagctagaaatagcaagttaaaataaggctag
248_alaA,alaA,ARG,CGT,91.0,SER,AGC,271,-15,CCA,-,tttactccgcgcgtaaagccatcatgcagcactaccaggctcgtggcatgAGCgatgttaccgtggaagatatttacatcggcaa,non template / coding strand,CATCACGCATGCCACGAGCC,TCCTCTGGCGGAAAGCCTtttactccgcgcgtaaagccatcatgcagcactaccaggctcgtggcatgAGCgatgttaccgtggaagatatttacatcggcaaGATCttgacagctagctcagtcctaggtataatactagtCATCACGCATGCCACGAGCCgttttagagctagaaatagcaagttaaaataaggctag
249_alaA,alaA,ARG,CGT,91.0,SER,TCT,271,-15,CCA,-,tttactccgcgcgtaaagccatcatgcagcactaccaggctcgtggcatgTCTgatgttaccgtggaagatatttacatcggcaa,non template / coding strand,CATCACGCATGCCACGAGCC,TCCTCTGGCGGAAAGCCTtttactccgcgcgtaaagccatcatgcagcactaccaggctcgtggcatgTCTgatgttaccgtggaagatatttacatcggcaaGATCttgacagctagctcagtcctaggtataatactagtCATCACGCATGCCACGAGCCgttttagagctagaaatagcaagttaaaataaggctag
250_alaA,alaA,ARG,CGT,91.0,SER,TCA,271,-15,CCA,-,tttactccgcgcgtaaagccatcatgcagcactaccaggctcgtggcatgTCAgatgttaccgtggaagatatttacatcggcaa,non template / coding strand,CATCACGCATGCCACGAGCC,TCCTCTGGCGGAAAGCCTtttactccgcgcgtaaagccatcatgcagcactaccaggctcgtggcatgTCAgatgttaccgtggaagatatttacatcggcaaGATCttgacagctagctcagtcctaggtataatactagtCATCACGCATGCCACGAGCCgttttagagctagaaatagcaagttaaaataaggctag
251_alaA,alaA,ASP,GAT,92.0,HIS,CAC,274,-16,AGG,AAG,actccgcgcgtaaagccatcatgcagcactacCAAgctcgtggcatgcgtCACgttaccgtggaagatatttacatcggcaatgg,template / non coding strand,AGCCATCATGCAGCACTACC,TCCTCTGGCGGAAAGCCTactccgcgcgtaaagccatcatgcagcactacCAAgctcgtggcatgcgtCACgttaccgtggaagatatttacatcggcaatggGATCttgacagctagctcagtcctaggtataatactagtAGCCATCATGCAGCACTACCgttttagagctagaaatagcaagttaaaataaggctag
252_alaA,alaA,ASP,GAT,92.0,HIS,CAC,274,-9,TGG,-,ccgcgcgtaaagccatcatgcagcactaccaggctcgtggcatgcgtCACgttaccgtggaagatatttacatcggcaatggtgt,template / non coding strand,TGCAGCACTACCAGGCTCGT,TCCTCTGGCGGAAAGCCTccgcgcgtaaagccatcatgcagcactaccaggctcgtggcatgcgtCACgttaccgtggaagatatttacatcggcaatggtgtGATCttgacagctagctcagtcctaggtataatactagtTGCAGCACTACCAGGCTCGTgttttagagctagaaatagcaagttaaaataaggctag
253_alaA,alaA,ASP,GAT,92.0,HIS,CAC,274,-18,CCA,-,tactccgcgcgtaaagccatcatgcagcactaccaggctcgtggcatgcgtCACgttaccgtggaagatatttacatcggcaatg,non template / coding strand,CATCACGCATGCCACGAGCC,TCCTCTGGCGGAAAGCCTtactccgcgcgtaaagccatcatgcagcactaccaggctcgtggcatgcgtCACgttaccgtggaagatatttacatcggcaatgGATCttgacagctagctcagtcctaggtataatactagtCATCACGCATGCCACGAGCCgttttagagctagaaatagcaagttaaaataaggctag
