,reference,gene,parent aa,parent codon,aa position,mutated aa,child codon,nt position,dist mut pam,pam,mutated pam,homology arm,target strand of base pairing region,base pairing region,oligo
0,0_alaA,alaA,LEU,CTT,107.0,PHE,TTT,319,-18,CGG,-,atgcgtgatgttaccgtggaagatatttacatcggcaatggtgtatcggagTTTatcgttcaggcaatgcaggcattgctgaaca,template / non coding strand,CCGTGGAAGATATTTACATC,TCCTCTGGCGGAAAGCCTatgcgtgatgttaccgtggaagatatttacatcggcaatggtgtatcggagTTTatcgttcaggcaatgcaggcattgctgaacaGATCttgacagctagctcagtcctaggtataatactagtCCGTGGAAGATATTTACATCgttttagagctagaaatagcaagttaaaataaggctag
1,1_alaA,alaA,LEU,CTT,107.0,PHE,TTC,319,-18,CGG,-,atgcgtgatgttaccgtggaagatatttacatcggcaatggtgtatcggagTTCatcgttcaggcaatgcaggcattgctgaaca,template / non coding strand,CCGTGGAAGATATTTACATC,TCCTCTGGCGGAAAGCCTatgcgtgatgttaccgtggaagatatttacatcggcaatggtgtatcggagTTCatcgttcaggcaatgcaggcattgctgaacaGATCttgacagctagctcagtcctaggtataatactagtCCGTGGAAGATATTTACATCgttttagagctagaaatagcaagttaaaataaggctag
2,2_alaA,alaA,LEU,CTT,107.0,PHE,TTT,319,-12,TGG,-,cgtgatgttaccgtggaagatatttacatcggcaatggtgtatcggagTTTatcgttcaggcaatgcaggcattgctgaacagcg,template / non coding strand,AAGATATTTACATCGGCAAT,TCCTCTGGCGGAAAGCCTcgtgatgttaccgtggaagatatttacatcggcaatggtgtatcggagTTTatcgttcaggcaatgcaggcattgctgaacagcgGATCttgacagctagctcagtcctaggtataatactagtAAGATATTTACATCGGCAATgttttagagctagaaatagcaagttaaaataaggctag
3,3_alaA,alaA,LEU,CTT,107.0,PHE,TTC,319,-12,TGG,-,cgtgatgttaccgtggaagatatttacatcggcaatggtgtatcggagTTCatcgttcaggcaatgcaggcattgctgaacagcg,template / non coding strand,AAGATATTTACATCGGCAAT,TCCTCTGGCGGAAAGCCTcgtgatgttaccgtggaagatatttacatcggcaatggtgtatcggagTTCatcgttcaggcaatgcaggcattgctgaacagcgGATCttgacagctagctcagtcctaggtataatactagtAAGATATTTACATCGGCAATgttttagagctagaaatagcaagttaaaataaggctag
4,4_alaA,alaA,LEU,CTT,107.0,PHE,TTT,319,-4,CGG,CAG,atgttaccgtggaagatatttacatcggcaatggtgtaTCAgagTTTatcgttcaggcaatgcaggcattgctgaacagcgggga,template / non coding strand,TTACATCGGCAATGGTGTAT,TCCTCTGGCGGAAAGCCTatgttaccgtggaagatatttacatcggcaatggtgtaTCAgagTTTatcgttcaggcaatgcaggcattgctgaacagcggggaGATCttgacagctagctcagtcctaggtataatactagtTTACATCGGCAATGGTGTATgttttagagctagaaatagcaagttaaaataaggctag
5,5_alaA,alaA,LEU,CTT,107.0,PHE,TTC,319,-4,CGG,CAG,atgttaccgtggaagatatttacatcggcaatggtgtaTCAgagTTCatcgttcaggcaatgcaggcattgctgaacagcgggga,template / non coding strand,TTACATCGGCAATGGTGTAT,TCCTCTGGCGGAAAGCCTatgttaccgtggaagatatttacatcggcaatggtgtaTCAgagTTCatcgttcaggcaatgcaggcattgctgaacagcggggaGATCttgacagctagctcagtcctaggtataatactagtTTACATCGGCAATGGTGTATgttttagagctagaaatagcaagttaaaataaggctag
6,6_alaA,alaA,ALA,GCA,126.0,VAL,GTT,376,-21,CGG,-,tcgttcaggcaatgcaggcattgctgaacagcggggacgaaatgttggttcctGTTccagattacccactctggaccgcggcggt,template / non coding strand,TGCAGGCATTGCTGAACAGC,TCCTCTGGCGGAAAGCCTtcgttcaggcaatgcaggcattgctgaacagcggggacgaaatgttggttcctGTTccagattacccactctggaccgcggcggtGATCttgacagctagctcagtcctaggtataatactagtTGCAGGCATTGCTGAACAGCgttttagagctagaaatagcaagttaaaataaggctag
7,7_alaA,alaA,ALA,GCA,126.0,VAL,GTG,376,-21,CGG,-,tcgttcaggcaatgcaggcattgctgaacagcggggacgaaatgttggttcctGTGccagattacccactctggaccgcggcggt,template / non coding strand,TGCAGGCATTGCTGAACAGC,TCCTCTGGCGGAAAGCCTtcgttcaggcaatgcaggcattgctgaacagcggggacgaaatgttggttcctGTGccagattacccactctggaccgcggcggtGATCttgacagctagctcagtcctaggtataatactagtTGCAGGCATTGCTGAACAGCgttttagagctagaaatagcaagttaaaataaggctag
8,8_alaA,alaA,ALA,GCA,126.0,VAL,GTT,376,-7,TGG,TAG,ggcaatgcaggcattgctgaacagcggggacgaaatgTTAgttcctGTTccagattacccactctggaccgcggcggtttcgctt,template / non coding strand,GAACAGCGGGGACGAAATGT,TCCTCTGGCGGAAAGCCTggcaatgcaggcattgctgaacagcggggacgaaatgTTAgttcctGTTccagattacccactctggaccgcggcggtttcgcttGATCttgacagctagctcagtcctaggtataatactagtGAACAGCGGGGACGAAATGTgttttagagctagaaatagcaagttaaaataaggctag
9,9_alaA,alaA,ALA,GCA,126.0,VAL,GTC,376,-7,TGG,TAG,ggcaatgcaggcattgctgaacagcggggacgaaatgTTAgttcctGTCccagattacccactctggaccgcggcggtttcgctt,template / non coding strand,GAACAGCGGGGACGAAATGT,TCCTCTGGCGGAAAGCCTggcaatgcaggcattgctgaacagcggggacgaaatgTTAgttcctGTCccagattacccactctggaccgcggcggtttcgcttGATCttgacagctagctcagtcctaggtataatactagtGAACAGCGGGGACGAAATGTgttttagagctagaaatagcaagttaaaataaggctag
10,10_alaA,alaA,ALA,GCA,126.0,VAL,GTG,376,-7,TGG,TAG,ggcaatgcaggcattgctgaacagcggggacgaaatgTTAgttcctGTGccagattacccactctggaccgcggcggtttcgctt,template / non coding strand,GAACAGCGGGGACGAAATGT,TCCTCTGGCGGAAAGCCTggcaatgcaggcattgctgaacagcggggacgaaatgTTAgttcctGTGccagattacccactctggaccgcggcggtttcgcttGATCttgacagctagctcagtcctaggtataatactagtGAACAGCGGGGACGAAATGTgttttagagctagaaatagcaagttaaaataaggctag
11,11_alaA,alaA,ALA,GCA,126.0,VAL,GTT,376,-2,CCT,-,aatgcaggcattgctgaacagcggggacgaaatgttggttcctGTTccagattacccactctggaccgcggcggtttcgctttcc,non template / coding strand,CAGAGTGGGTAATCTGGTGC,TCCTCTGGCGGAAAGCCTaatgcaggcattgctgaacagcggggacgaaatgttggttcctGTTccagattacccactctggaccgcggcggtttcgctttccGATCttgacagctagctcagtcctaggtataatactagtCAGAGTGGGTAATCTGGTGCgttttagagctagaaatagcaagttaaaataaggctag
12,12_alaA,alaA,ALA,GCA,126.0,VAL,GTG,376,-2,CCT,-,aatgcaggcattgctgaacagcggggacgaaatgttggttcctGTGccagattacccactctggaccgcggcggtttcgctttcc,non template / coding strand,CAGAGTGGGTAATCTGGTGC,TCCTCTGGCGGAAAGCCTaatgcaggcattgctgaacagcggggacgaaatgttggttcctGTGccagattacccactctggaccgcggcggtttcgctttccGATCttgacagctagctcagtcctaggtataatactagtCAGAGTGGGTAATCTGGTGCgttttagagctagaaatagcaagttaaaataaggctag
13,13_alaA,alaA,ALA,GCA,126.0,VAL,GTT,376,12,CCC,TCC,gcattgctgaacagcggggacgaaatgttggttcctGTTccagatTATccactctggaccgcggcggtttcgctttccagcggta,non template / coding strand,AAACCGCCGCGGTCCAGAGT,TCCTCTGGCGGAAAGCCTgcattgctgaacagcggggacgaaatgttggttcctGTTccagatTATccactctggaccgcggcggtttcgctttccagcggtaGATCttgacagctagctcagtcctaggtataatactagtAAACCGCCGCGGTCCAGAGTgttttagagctagaaatagcaagttaaaataaggctag
14,14_alaA,alaA,ALA,GCA,126.0,VAL,GTC,376,12,CCC,TCC,gcattgctgaacagcggggacgaaatgttggttcctGTCccagatTATccactctggaccgcggcggtttcgctttccagcggta,non template / coding strand,AAACCGCCGCGGTCCAGAGT,TCCTCTGGCGGAAAGCCTgcattgctgaacagcggggacgaaatgttggttcctGTCccagatTATccactctggaccgcggcggtttcgctttccagcggtaGATCttgacagctagctcagtcctaggtataatactagtAAACCGCCGCGGTCCAGAGTgttttagagctagaaatagcaagttaaaataaggctag
15,15_alaA,alaA,ALA,GCA,126.0,VAL,GTG,376,12,CCC,TCC,gcattgctgaacagcggggacgaaatgttggttcctGTGccagatTATccactctggaccgcggcggtttcgctttccagcggta,non template / coding strand,AAACCGCCGCGGTCCAGAGT,TCCTCTGGCGGAAAGCCTgcattgctgaacagcggggacgaaatgttggttcctGTGccagatTATccactctggaccgcggcggtttcgctttccagcggtaGATCttgacagctagctcagtcctaggtataatactagtAAACCGCCGCGGTCCAGAGTgttttagagctagaaatagcaagttaaaataaggctag
16,16_alaA,alaA,VAL,GTC,13.0,ILE,ATT,37,-29,CCC,-,cagcaaaaaaggtcaagattcatgtcccccattgaaaaatccagcaaattagagaatATTtgttatgacatccgtggtccggtgc,non template / coding strand,AATTTGCTGGATTTTTCAAT,TCCTCTGGCGGAAAGCCTcagcaaaaaaggtcaagattcatgtcccccattgaaaaatccagcaaattagagaatATTtgttatgacatccgtggtccggtgcGATCttgacagctagctcagtcctaggtataatactagtAATTTGCTGGATTTTTCAATgttttagagctagaaatagcaagttaaaataaggctag
17,17_alaA,alaA,VAL,GTC,13.0,ILE,ATA,37,-29,CCC,-,cagcaaaaaaggtcaagattcatgtcccccattgaaaaatccagcaaattagagaatATAtgttatgacatccgtggtccggtgc,non template / coding strand,AATTTGCTGGATTTTTCAAT,TCCTCTGGCGGAAAGCCTcagcaaaaaaggtcaagattcatgtcccccattgaaaaatccagcaaattagagaatATAtgttatgacatccgtggtccggtgcGATCttgacagctagctcagtcctaggtataatactagtAATTTGCTGGATTTTTCAATgttttagagctagaaatagcaagttaaaataaggctag
18,18_alaA,alaA,VAL,GTC,13.0,ILE,ATT,37,-16,CCA,CTA,aaaggtcaagattcatgtcccccattgaaaaaTCTagcaaattagagaatATTtgttatgacatccgtggtccggtgctgaaaga,non template / coding strand,ACAGACATTCTCTAATTTGC,TCCTCTGGCGGAAAGCCTaaaggtcaagattcatgtcccccattgaaaaaTCTagcaaattagagaatATTtgttatgacatccgtggtccggtgctgaaagaGATCttgacagctagctcagtcctaggtataatactagtACAGACATTCTCTAATTTGCgttttagagctagaaatagcaagttaaaataaggctag
19,19_alaA,alaA,VAL,GTC,13.0,ILE,ATA,37,-16,CCA,CTA,aaaggtcaagattcatgtcccccattgaaaaaTCTagcaaattagagaatATAtgttatgacatccgtggtccggtgctgaaaga,non template / coding strand,ACAGACATTCTCTAATTTGC,TCCTCTGGCGGAAAGCCTaaaggtcaagattcatgtcccccattgaaaaaTCTagcaaattagagaatATAtgttatgacatccgtggtccggtgctgaaagaGATCttgacagctagctcagtcctaggtataatactagtACAGACATTCTCTAATTTGCgttttagagctagaaatagcaagttaaaataaggctag
20,20_alaA,alaA,VAL,GTC,13.0,ILE,ATT,37,15,CCG,TCG,gtcccccattgaaaaatccagcaaattagagaatATTtgttatgacATTcgtggtccggtgctgaaagaagcaaaacgcctggaa,non template / coding strand,CTTCTTTCAGCACCGGACCA,TCCTCTGGCGGAAAGCCTgtcccccattgaaaaatccagcaaattagagaatATTtgttatgacATTcgtggtccggtgctgaaagaagcaaaacgcctggaaGATCttgacagctagctcagtcctaggtataatactagtCTTCTTTCAGCACCGGACCAgttttagagctagaaatagcaagttaaaataaggctag
21,21_alaA,alaA,VAL,GTC,13.0,ILE,ATA,37,15,CCG,TCG,gtcccccattgaaaaatccagcaaattagagaatATAtgttatgacATTcgtggtccggtgctgaaagaagcaaaacgcctggaa,non template / coding strand,CTTCTTTCAGCACCGGACCA,TCCTCTGGCGGAAAGCCTgtcccccattgaaaaatccagcaaattagagaatATAtgttatgacATTcgtggtccggtgctgaaagaagcaaaacgcctggaaGATCttgacagctagctcagtcctaggtataatactagtCTTCTTTCAGCACCGGACCAgttttagagctagaaatagcaagttaaaataaggctag
22,22_alaA,alaA,SER,TCG,137.0,ALA,GCA,409,-14,TGG,-,cgaaatgttggttcctgcaccagattacccactctggaccgcggcggttGCActttccagcggtaaagcggtgcattatctttgc,template / non coding strand,CTGCACCAGATTACCCACTC,TCCTCTGGCGGAAAGCCTcgaaatgttggttcctgcaccagattacccactctggaccgcggcggttGCActttccagcggtaaagcggtgcattatctttgcGATCttgacagctagctcagtcctaggtataatactagtCTGCACCAGATTACCCACTCgttttagagctagaaatagcaagttaaaataaggctag
23,23_alaA,alaA,SER,TCG,137.0,ALA,GCG,409,-14,TGG,-,cgaaatgttggttcctgcaccagattacccactctggaccgcggcggttGCGctttccagcggtaaagcggtgcattatctttgc,template / non coding strand,CTGCACCAGATTACCCACTC,TCCTCTGGCGGAAAGCCTcgaaatgttggttcctgcaccagattacccactctggaccgcggcggttGCGctttccagcggtaaagcggtgcattatctttgcGATCttgacagctagctcagtcctaggtataatactagtCTGCACCAGATTACCCACTCgttttagagctagaaatagcaagttaaaataaggctag
24,24_alaA,alaA,SER,TCG,137.0,ALA,GCC,409,-7,CGG,CAG,aatgttggttcctgcaccagattacccactctggaccGCAgcggttGCCctttccagcggtaaagcggtgcattatctttgcgat,template / non coding strand,AGATTACCCACTCTGGACCG,TCCTCTGGCGGAAAGCCTaatgttggttcctgcaccagattacccactctggaccGCAgcggttGCCctttccagcggtaaagcggtgcattatctttgcgatGATCttgacagctagctcagtcctaggtataatactagtAGATTACCCACTCTGGACCGgttttagagctagaaatagcaagttaaaataaggctag
25,25_alaA,alaA,SER,TCG,137.0,ALA,GCA,409,-7,CGG,CAG,aatgttggttcctgcaccagattacccactctggaccGCAgcggttGCActttccagcggtaaagcggtgcattatctttgcgat,template / non coding strand,AGATTACCCACTCTGGACCG,TCCTCTGGCGGAAAGCCTaatgttggttcctgcaccagattacccactctggaccGCAgcggttGCActttccagcggtaaagcggtgcattatctttgcgatGATCttgacagctagctcagtcctaggtataatactagtAGATTACCCACTCTGGACCGgttttagagctagaaatagcaagttaaaataaggctag
26,26_alaA,alaA,SER,TCG,137.0,ALA,GCG,409,-7,CGG,CAG,aatgttggttcctgcaccagattacccactctggaccGCAgcggttGCGctttccagcggtaaagcggtgcattatctttgcgat,template / non coding strand,AGATTACCCACTCTGGACCG,TCCTCTGGCGGAAAGCCTaatgttggttcctgcaccagattacccactctggaccGCAgcggttGCGctttccagcggtaaagcggtgcattatctttgcgatGATCttgacagctagctcagtcctaggtataatactagtAGATTACCCACTCTGGACCGgttttagagctagaaatagcaagttaaaataaggctag
27,27_alaA,alaA,SER,TCG,137.0,ALA,GCC,409,-4,CGG,CAG,tgttggttcctgcaccagattacccactctggaccgcgGCAgttGCCctttccagcggtaaagcggtgcattatctttgcgatga,template / non coding strand,TTACCCACTCTGGACCGCGG,TCCTCTGGCGGAAAGCCTtgttggttcctgcaccagattacccactctggaccgcgGCAgttGCCctttccagcggtaaagcggtgcattatctttgcgatgaGATCttgacagctagctcagtcctaggtataatactagtTTACCCACTCTGGACCGCGGgttttagagctagaaatagcaagttaaaataaggctag
28,28_alaA,alaA,SER,TCG,137.0,ALA,GCA,409,-4,CGG,CAG,tgttggttcctgcaccagattacccactctggaccgcgGCAgttGCActttccagcggtaaagcggtgcattatctttgcgatga,template / non coding strand,TTACCCACTCTGGACCGCGG,TCCTCTGGCGGAAAGCCTtgttggttcctgcaccagattacccactctggaccgcgGCAgttGCActttccagcggtaaagcggtgcattatctttgcgatgaGATCttgacagctagctcagtcctaggtataatactagtTTACCCACTCTGGACCGCGGgttttagagctagaaatagcaagttaaaataaggctag
29,29_alaA,alaA,SER,TCG,137.0,ALA,GCG,409,-4,CGG,CAG,tgttggttcctgcaccagattacccactctggaccgcgGCAgttGCGctttccagcggtaaagcggtgcattatctttgcgatga,template / non coding strand,TTACCCACTCTGGACCGCGG,TCCTCTGGCGGAAAGCCTtgttggttcctgcaccagattacccactctggaccgcgGCAgttGCGctttccagcggtaaagcggtgcattatctttgcgatgaGATCttgacagctagctcagtcctaggtataatactagtTTACCCACTCTGGACCGCGGgttttagagctagaaatagcaagttaaaataaggctag
30,30_alaA,alaA,SER,TCG,137.0,ALA,GCA,409,-29,CCA,-,agcggggacgaaatgttggttcctgcaccagattacccactctggaccgcggcggttGCActttccagcggtaaagcggtgcatt,non template / coding strand,GCGGTCCAGAGTGGGTAATC,TCCTCTGGCGGAAAGCCTagcggggacgaaatgttggttcctgcaccagattacccactctggaccgcggcggttGCActttccagcggtaaagcggtgcattGATCttgacagctagctcagtcctaggtataatactagtGCGGTCCAGAGTGGGTAATCgttttagagctagaaatagcaagttaaaataaggctag
31,31_alaA,alaA,SER,TCG,137.0,ALA,GCG,409,-29,CCA,-,agcggggacgaaatgttggttcctgcaccagattacccactctggaccgcggcggttGCGctttccagcggtaaagcggtgcatt,non template / coding strand,GCGGTCCAGAGTGGGTAATC,TCCTCTGGCGGAAAGCCTagcggggacgaaatgttggttcctgcaccagattacccactctggaccgcggcggttGCGctttccagcggtaaagcggtgcattGATCttgacagctagctcagtcctaggtataatactagtGCGGTCCAGAGTGGGTAATCgttttagagctagaaatagcaagttaaaataaggctag
32,32_alaA,alaA,SER,TCG,137.0,ALA,GCA,409,-21,CCC,-,gggacgaaatgttggttcctgcaccagattacccactctggaccgcggcggttGCActttccagcggtaaagcggtgcattatct,non template / coding strand,AAACCGCCGCGGTCCAGAGT,TCCTCTGGCGGAAAGCCTgggacgaaatgttggttcctgcaccagattacccactctggaccgcggcggttGCActttccagcggtaaagcggtgcattatctGATCttgacagctagctcagtcctaggtataatactagtAAACCGCCGCGGTCCAGAGTgttttagagctagaaatagcaagttaaaataaggctag
33,33_alaA,alaA,SER,TCG,137.0,ALA,GCG,409,-21,CCC,-,gggacgaaatgttggttcctgcaccagattacccactctggaccgcggcggttGCGctttccagcggtaaagcggtgcattatct,non template / coding strand,AAACCGCCGCGGTCCAGAGT,TCCTCTGGCGGAAAGCCTgggacgaaatgttggttcctgcaccagattacccactctggaccgcggcggttGCGctttccagcggtaaagcggtgcattatctGATCttgacagctagctcagtcctaggtataatactagtAAACCGCCGCGGTCCAGAGTgttttagagctagaaatagcaagttaaaataaggctag
34,34_alaA,alaA,SER,TCG,137.0,ALA,GCC,409,-10,CCG,CTG,aaatgttggttcctgcaccagattacccactctggACTgcggcggttGCCctttccagcggtaaagcggtgcattatctttgcga,non template / coding strand,GCTGGAAAGCGAAACCGCCG,TCCTCTGGCGGAAAGCCTaaatgttggttcctgcaccagattacccactctggACTgcggcggttGCCctttccagcggtaaagcggtgcattatctttgcgaGATCttgacagctagctcagtcctaggtataatactagtGCTGGAAAGCGAAACCGCCGgttttagagctagaaatagcaagttaaaataaggctag
35,35_alaA,alaA,SER,TCG,137.0,ALA,GCA,409,-10,CCG,CTG,aaatgttggttcctgcaccagattacccactctggACTgcggcggttGCActttccagcggtaaagcggtgcattatctttgcga,non template / coding strand,GCTGGAAAGCGAAACCGCCG,TCCTCTGGCGGAAAGCCTaaatgttggttcctgcaccagattacccactctggACTgcggcggttGCActttccagcggtaaagcggtgcattatctttgcgaGATCttgacagctagctcagtcctaggtataatactagtGCTGGAAAGCGAAACCGCCGgttttagagctagaaatagcaagttaaaataaggctag
36,36_alaA,alaA,SER,TCG,137.0,ALA,GCG,409,-10,CCG,CTG,aaatgttggttcctgcaccagattacccactctggACTgcggcggttGCGctttccagcggtaaagcggtgcattatctttgcga,non template / coding strand,GCTGGAAAGCGAAACCGCCG,TCCTCTGGCGGAAAGCCTaaatgttggttcctgcaccagattacccactctggACTgcggcggttGCGctttccagcggtaaagcggtgcattatctttgcgaGATCttgacagctagctcagtcctaggtataatactagtGCTGGAAAGCGAAACCGCCGgttttagagctagaaatagcaagttaaaataaggctag
37,37_alaA,alaA,ASP,GAC,157.0,ASN,AAC,469,-16,CCT,CTT,gcggtaaagcggtgcattatctttgcgatgaaTCTtctgactggttcccgAACctcgatgatattcgcgctaaaattacgcctcg,non template / coding strand,GAGGTCCGGGAACCAGTCAG,TCCTCTGGCGGAAAGCCTgcggtaaagcggtgcattatctttgcgatgaaTCTtctgactggttcccgAACctcgatgatattcgcgctaaaattacgcctcgGATCttgacagctagctcagtcctaggtataatactagtGAGGTCCGGGAACCAGTCAGgttttagagctagaaatagcaagttaaaataaggctag
38,38_alaA,alaA,PRO,CCT,167.0,SER,TCA,499,-27,CCT,-,gcgatgaatcctctgactggttcccggacctcgatgatattcgcgctaaaattacgTCAcgtacgcgtgggatcgttattatcaa,non template / coding strand,TTTTAGCGCGAATATCATCG,TCCTCTGGCGGAAAGCCTgcgatgaatcctctgactggttcccggacctcgatgatattcgcgctaaaattacgTCAcgtacgcgtgggatcgttattatcaaGATCttgacagctagctcagtcctaggtataatactagtTTTTAGCGCGAATATCATCGgttttagagctagaaatagcaagttaaaataaggctag
39,39_alaA,alaA,PRO,CCT,167.0,SER,TCG,499,-27,CCT,-,gcgatgaatcctctgactggttcccggacctcgatgatattcgcgctaaaattacgTCGcgtacgcgtgggatcgttattatcaa,non template / coding strand,TTTTAGCGCGAATATCATCG,TCCTCTGGCGGAAAGCCTgcgatgaatcctctgactggttcccggacctcgatgatattcgcgctaaaattacgTCGcgtacgcgtgggatcgttattatcaaGATCttgacagctagctcagtcctaggtataatactagtTTTTAGCGCGAATATCATCGgttttagagctagaaatagcaagttaaaataaggctag
40,40_alaA,alaA,PRO,CCT,167.0,SER,AGT,499,-27,CCT,-,gcgatgaatcctctgactggttcccggacctcgatgatattcgcgctaaaattacgAGTcgtacgcgtgggatcgttattatcaa,non template / coding strand,TTTTAGCGCGAATATCATCG,TCCTCTGGCGGAAAGCCTgcgatgaatcctctgactggttcccggacctcgatgatattcgcgctaaaattacgAGTcgtacgcgtgggatcgttattatcaaGATCttgacagctagctcagtcctaggtataatactagtTTTTAGCGCGAATATCATCGgttttagagctagaaatagcaagttaaaataaggctag
41,41_alaA,alaA,PRO,CCT,167.0,SER,TCA,499,30,CCC,TCC,ctcgatgatattcgcgctaaaattacgTCAcgtacgcgtgggatcgttattatcAATccaaataacccaaccggcgcggtatatt,non template / coding strand,CCGCGCCGGTTGGGTTATTT,TCCTCTGGCGGAAAGCCTctcgatgatattcgcgctaaaattacgTCAcgtacgcgtgggatcgttattatcAATccaaataacccaaccggcgcggtatattGATCttgacagctagctcagtcctaggtataatactagtCCGCGCCGGTTGGGTTATTTgttttagagctagaaatagcaagttaaaataaggctag
42,42_alaA,alaA,PRO,CCT,167.0,SER,TCG,499,30,CCC,TCC,ctcgatgatattcgcgctaaaattacgTCGcgtacgcgtgggatcgttattatcAATccaaataacccaaccggcgcggtatatt,non template / coding strand,CCGCGCCGGTTGGGTTATTT,TCCTCTGGCGGAAAGCCTctcgatgatattcgcgctaaaattacgTCGcgtacgcgtgggatcgttattatcAATccaaataacccaaccggcgcggtatattGATCttgacagctagctcagtcctaggtataatactagtCCGCGCCGGTTGGGTTATTTgttttagagctagaaatagcaagttaaaataaggctag
43,43_alaA,alaA,PRO,CCT,167.0,SER,TCC,499,30,CCC,TCC,ctcgatgatattcgcgctaaaattacgTCCcgtacgcgtgggatcgttattatcAATccaaataacccaaccggcgcggtatatt,non template / coding strand,CCGCGCCGGTTGGGTTATTT,TCCTCTGGCGGAAAGCCTctcgatgatattcgcgctaaaattacgTCCcgtacgcgtgggatcgttattatcAATccaaataacccaaccggcgcggtatattGATCttgacagctagctcagtcctaggtataatactagtCCGCGCCGGTTGGGTTATTTgttttagagctagaaatagcaagttaaaataaggctag
44,44_alaA,alaA,PRO,CCT,167.0,SER,AGT,499,30,CCC,TCC,ctcgatgatattcgcgctaaaattacgAGTcgtacgcgtgggatcgttattatcAATccaaataacccaaccggcgcggtatatt,non template / coding strand,CCGCGCCGGTTGGGTTATTT,TCCTCTGGCGGAAAGCCTctcgatgatattcgcgctaaaattacgAGTcgtacgcgtgggatcgttattatcAATccaaataacccaaccggcgcggtatattGATCttgacagctagctcagtcctaggtataatactagtCCGCGCCGGTTGGGTTATTTgttttagagctagaaatagcaagttaaaataaggctag
45,45_alaA,alaA,PRO,CCT,167.0,SER,AGC,499,30,CCC,TCC,ctcgatgatattcgcgctaaaattacgAGCcgtacgcgtgggatcgttattatcAATccaaataacccaaccggcgcggtatatt,non template / coding strand,CCGCGCCGGTTGGGTTATTT,TCCTCTGGCGGAAAGCCTctcgatgatattcgcgctaaaattacgAGCcgtacgcgtgggatcgttattatcAATccaaataacccaaccggcgcggtatattGATCttgacagctagctcagtcctaggtataatactagtCCGCGCCGGTTGGGTTATTTgttttagagctagaaatagcaagttaaaataaggctag
46,46_alaA,alaA,MET,ATG,191.0,ILE,ATT,571,-27,CGG,-,tcgttattatcaacccaaataacccaaccggcgcggtatattccaaagagcttttaATTgagattgtggagattgcacgtcagca,template / non coding strand,TCAACCCAAATAACCCAACC,TCCTCTGGCGGAAAGCCTtcgttattatcaacccaaataacccaaccggcgcggtatattccaaagagcttttaATTgagattgtggagattgcacgtcagcaGATCttgacagctagctcagtcctaggtataatactagtTCAACCCAAATAACCCAACCgttttagagctagaaatagcaagttaaaataaggctag
47,47_alaA,alaA,MET,ATG,191.0,ILE,ATA,571,-27,CGG,-,tcgttattatcaacccaaataacccaaccggcgcggtatattccaaagagcttttaATAgagattgtggagattgcacgtcagca,template / non coding strand,TCAACCCAAATAACCCAACC,TCCTCTGGCGGAAAGCCTtcgttattatcaacccaaataacccaaccggcgcggtatattccaaagagcttttaATAgagattgtggagattgcacgtcagcaGATCttgacagctagctcagtcctaggtataatactagtTCAACCCAAATAACCCAACCgttttagagctagaaatagcaagttaaaataaggctag
48,48_alaA,alaA,MET,ATG,191.0,ILE,ATT,571,-22,CGG,CAG,ttattatcaacccaaataacccaaccggcGCAgtatattccaaagagcttttaATTgagattgtggagattgcacgtcagcataa,template / non coding strand,CCCAAATAACCCAACCGGCG,TCCTCTGGCGGAAAGCCTttattatcaacccaaataacccaaccggcGCAgtatattccaaagagcttttaATTgagattgtggagattgcacgtcagcataaGATCttgacagctagctcagtcctaggtataatactagtCCCAAATAACCCAACCGGCGgttttagagctagaaatagcaagttaaaataaggctag
49,49_alaA,alaA,MET,ATG,191.0,ILE,ATA,571,-22,CGG,CAG,ttattatcaacccaaataacccaaccggcGCAgtatattccaaagagcttttaATAgagattgtggagattgcacgtcagcataa,template / non coding strand,CCCAAATAACCCAACCGGCG,TCCTCTGGCGGAAAGCCTttattatcaacccaaataacccaaccggcGCAgtatattccaaagagcttttaATAgagattgtggagattgcacgtcagcataaGATCttgacagctagctcagtcctaggtataatactagtCCCAAATAACCCAACCGGCGgttttagagctagaaatagcaagttaaaataaggctag
50,50_alaA,alaA,MET,ATG,191.0,ILE,ATT,571,-28,CCG,CTG,tcgttattatcaacccaaataacccaACTggcgcggtatattccaaagagcttttaATTgagattgtggagattgcacgtcagca,non template / coding strand,CTCTTTGGAATATACCGCGC,TCCTCTGGCGGAAAGCCTtcgttattatcaacccaaataacccaACTggcgcggtatattccaaagagcttttaATTgagattgtggagattgcacgtcagcaGATCttgacagctagctcagtcctaggtataatactagtCTCTTTGGAATATACCGCGCgttttagagctagaaatagcaagttaaaataaggctag
51,51_alaA,alaA,MET,ATG,191.0,ILE,ATA,571,-28,CCG,CTG,tcgttattatcaacccaaataacccaACTggcgcggtatattccaaagagcttttaATAgagattgtggagattgcacgtcagca,non template / coding strand,CTCTTTGGAATATACCGCGC,TCCTCTGGCGGAAAGCCTtcgttattatcaacccaaataacccaACTggcgcggtatattccaaagagcttttaATAgagattgtggagattgcacgtcagcaGATCttgacagctagctcagtcctaggtataatactagtCTCTTTGGAATATACCGCGCgttttagagctagaaatagcaagttaaaataaggctag
52,52_alaA,alaA,MET,ATG,191.0,ILE,ATT,571,-13,CCA,CTA,tatcaacccaaataacccaaccggcgcggtatatTCTaaagagcttttaATTgagattgtggagattgcacgtcagcataatctc,non template / coding strand,AATCTCCATTAAAAGCTCTT,TCCTCTGGCGGAAAGCCTtatcaacccaaataacccaaccggcgcggtatatTCTaaagagcttttaATTgagattgtggagattgcacgtcagcataatctcGATCttgacagctagctcagtcctaggtataatactagtAATCTCCATTAAAAGCTCTTgttttagagctagaaatagcaagttaaaataaggctag
53,53_alaA,alaA,MET,ATG,191.0,ILE,ATA,571,-13,CCA,CTA,tatcaacccaaataacccaaccggcgcggtatatTCTaaagagcttttaATAgagattgtggagattgcacgtcagcataatctc,non template / coding strand,AATCTCCATTAAAAGCTCTT,TCCTCTGGCGGAAAGCCTtatcaacccaaataacccaaccggcgcggtatatTCTaaagagcttttaATAgagattgtggagattgcacgtcagcataatctcGATCttgacagctagctcagtcctaggtataatactagtAATCTCCATTAAAAGCTCTTgttttagagctagaaatagcaagttaaaataaggctag
54,54_alaA,alaA,ALA,GCA,197.0,VAL,GTT,589,-16,TGG,-,caaccggcgcggtatattccaaagagcttttaatggagattgtggagattGTTcgtcagcataatctcattatcttcgccgatga,template / non coding strand,ATATTCCAAAGAGCTTTTAA,TCCTCTGGCGGAAAGCCTcaaccggcgcggtatattccaaagagcttttaatggagattgtggagattGTTcgtcagcataatctcattatcttcgccgatgaGATCttgacagctagctcagtcctaggtataatactagtATATTCCAAAGAGCTTTTAAgttttagagctagaaatagcaagttaaaataaggctag
55,55_alaA,alaA,ALA,GCA,197.0,VAL,GTG,589,-16,TGG,-,caaccggcgcggtatattccaaagagcttttaatggagattgtggagattGTGcgtcagcataatctcattatcttcgccgatga,template / non coding strand,ATATTCCAAAGAGCTTTTAA,TCCTCTGGCGGAAAGCCTcaaccggcgcggtatattccaaagagcttttaatggagattgtggagattGTGcgtcagcataatctcattatcttcgccgatgaGATCttgacagctagctcagtcctaggtataatactagtATATTCCAAAGAGCTTTTAAgttttagagctagaaatagcaagttaaaataaggctag
56,56_alaA,alaA,ALA,GCA,197.0,VAL,GTT,589,-7,TGG,TTG,cggcgcggtatattccaaagagcttttaatggagattGTTgagattGTTcgtcagcataatctcattatcttcgccgatgaaatt,template / non coding strand,AGAGCTTTTAATGGAGATTG,TCCTCTGGCGGAAAGCCTcggcgcggtatattccaaagagcttttaatggagattGTTgagattGTTcgtcagcataatctcattatcttcgccgatgaaattGATCttgacagctagctcagtcctaggtataatactagtAGAGCTTTTAATGGAGATTGgttttagagctagaaatagcaagttaaaataaggctag
57,57_alaA,alaA,ALA,GCA,197.0,VAL,GTC,589,-7,TGG,TTG,cggcgcggtatattccaaagagcttttaatggagattGTTgagattGTCcgtcagcataatctcattatcttcgccgatgaaatt,template / non coding strand,AGAGCTTTTAATGGAGATTG,TCCTCTGGCGGAAAGCCTcggcgcggtatattccaaagagcttttaatggagattGTTgagattGTCcgtcagcataatctcattatcttcgccgatgaaattGATCttgacagctagctcagtcctaggtataatactagtAGAGCTTTTAATGGAGATTGgttttagagctagaaatagcaagttaaaataaggctag
58,58_alaA,alaA,ALA,GCA,197.0,VAL,GTG,589,-7,TGG,TTG,cggcgcggtatattccaaagagcttttaatggagattGTTgagattGTGcgtcagcataatctcattatcttcgccgatgaaatt,template / non coding strand,AGAGCTTTTAATGGAGATTG,TCCTCTGGCGGAAAGCCTcggcgcggtatattccaaagagcttttaatggagattGTTgagattGTGcgtcagcataatctcattatcttcgccgatgaaattGATCttgacagctagctcagtcctaggtataatactagtAGAGCTTTTAATGGAGATTGgttttagagctagaaatagcaagttaaaataaggctag
59,59_alaA,alaA,PRO,CCG,225.0,ALA,GCC,673,15,CCT,TCT,tctctacgacgacgctgagcatcactcaattgcgGCCctggcacctGATctgctgaccattacctttaacggactgtcgaaaacg,non template / coding strand,CGTTAAAGGTAATGGTCAGC,TCCTCTGGCGGAAAGCCTtctctacgacgacgctgagcatcactcaattgcgGCCctggcacctGATctgctgaccattacctttaacggactgtcgaaaacgGATCttgacagctagctcagtcctaggtataatactagtCGTTAAAGGTAATGGTCAGCgttttagagctagaaatagcaagttaaaataaggctag
60,60_alaA,alaA,PRO,CCG,225.0,ALA,GCA,673,15,CCT,TCT,tctctacgacgacgctgagcatcactcaattgcgGCActggcacctGATctgctgaccattacctttaacggactgtcgaaaacg,non template / coding strand,CGTTAAAGGTAATGGTCAGC,TCCTCTGGCGGAAAGCCTtctctacgacgacgctgagcatcactcaattgcgGCActggcacctGATctgctgaccattacctttaacggactgtcgaaaacgGATCttgacagctagctcagtcctaggtataatactagtCGTTAAAGGTAATGGTCAGCgttttagagctagaaatagcaagttaaaataaggctag
61,61_alaA,alaA,PRO,CCG,225.0,ALA,GCG,673,15,CCT,TCT,tctctacgacgacgctgagcatcactcaattgcgGCGctggcacctGATctgctgaccattacctttaacggactgtcgaaaacg,non template / coding strand,CGTTAAAGGTAATGGTCAGC,TCCTCTGGCGGAAAGCCTtctctacgacgacgctgagcatcactcaattgcgGCGctggcacctGATctgctgaccattacctttaacggactgtcgaaaacgGATCttgacagctagctcagtcctaggtataatactagtCGTTAAAGGTAATGGTCAGCgttttagagctagaaatagcaagttaaaataaggctag
62,62_alaA,alaA,LEU,CTG,226.0,MET,ATG,676,12,CCT,TCT,ctctacgacgacgctgagcatcactcaattgcgccgATGgcacctGATctgctgaccattacctttaacggactgtcgaaaacgt,non template / coding strand,CGTTAAAGGTAATGGTCAGC,TCCTCTGGCGGAAAGCCTctctacgacgacgctgagcatcactcaattgcgccgATGgcacctGATctgctgaccattacctttaacggactgtcgaaaacgtGATCttgacagctagctcagtcctaggtataatactagtCGTTAAAGGTAATGGTCAGCgttttagagctagaaatagcaagttaaaataaggctag
63,63_alaA,alaA,SER,TCG,239.0,PRO,CCT,715,-6,CGG,-,gcgccgctggcacctgacctgctgaccattacctttaacggactgCCTaaaacgtaccgcgttgcaggcttccgtcaggggtgga,template / non coding strand,TGCTGACCATTACCTTTAAC,TCCTCTGGCGGAAAGCCTgcgccgctggcacctgacctgctgaccattacctttaacggactgCCTaaaacgtaccgcgttgcaggcttccgtcaggggtggaGATCttgacagctagctcagtcctaggtataatactagtTGCTGACCATTACCTTTAACgttttagagctagaaatagcaagttaaaataaggctag
64,64_alaA,alaA,SER,TCG,239.0,PRO,CCA,715,-6,CGG,-,gcgccgctggcacctgacctgctgaccattacctttaacggactgCCAaaaacgtaccgcgttgcaggcttccgtcaggggtgga,template / non coding strand,TGCTGACCATTACCTTTAAC,TCCTCTGGCGGAAAGCCTgcgccgctggcacctgacctgctgaccattacctttaacggactgCCAaaaacgtaccgcgttgcaggcttccgtcaggggtggaGATCttgacagctagctcagtcctaggtataatactagtTGCTGACCATTACCTTTAACgttttagagctagaaatagcaagttaaaataaggctag
65,65_alaA,alaA,SER,TCG,239.0,PRO,CCG,715,-6,CGG,-,gcgccgctggcacctgacctgctgaccattacctttaacggactgCCGaaaacgtaccgcgttgcaggcttccgtcaggggtgga,template / non coding strand,TGCTGACCATTACCTTTAAC,TCCTCTGGCGGAAAGCCTgcgccgctggcacctgacctgctgaccattacctttaacggactgCCGaaaacgtaccgcgttgcaggcttccgtcaggggtggaGATCttgacagctagctcagtcctaggtataatactagtTGCTGACCATTACCTTTAACgttttagagctagaaatagcaagttaaaataaggctag
66,66_alaA,alaA,SER,TCG,239.0,PRO,CCT,715,-27,CCT,CTT,atcactcaattgcgccgctggcacctgacTTGctgaccattacctttaacggactgCCTaaaacgtaccgcgttgcaggcttccg,non template / coding strand,CGTTAAAGGTAATGGTCAGC,TCCTCTGGCGGAAAGCCTatcactcaattgcgccgctggcacctgacTTGctgaccattacctttaacggactgCCTaaaacgtaccgcgttgcaggcttccgGATCttgacagctagctcagtcctaggtataatactagtCGTTAAAGGTAATGGTCAGCgttttagagctagaaatagcaagttaaaataaggctag
67,67_alaA,alaA,SER,TCG,239.0,PRO,CCA,715,-27,CCT,CTT,atcactcaattgcgccgctggcacctgacTTGctgaccattacctttaacggactgCCAaaaacgtaccgcgttgcaggcttccg,non template / coding strand,CGTTAAAGGTAATGGTCAGC,TCCTCTGGCGGAAAGCCTatcactcaattgcgccgctggcacctgacTTGctgaccattacctttaacggactgCCAaaaacgtaccgcgttgcaggcttccgGATCttgacagctagctcagtcctaggtataatactagtCGTTAAAGGTAATGGTCAGCgttttagagctagaaatagcaagttaaaataaggctag
68,68_alaA,alaA,SER,TCG,239.0,PRO,CCG,715,-27,CCT,CTT,atcactcaattgcgccgctggcacctgacTTGctgaccattacctttaacggactgCCGaaaacgtaccgcgttgcaggcttccg,non template / coding strand,CGTTAAAGGTAATGGTCAGC,TCCTCTGGCGGAAAGCCTatcactcaattgcgccgctggcacctgacTTGctgaccattacctttaacggactgCCGaaaacgtaccgcgttgcaggcttccgGATCttgacagctagctcagtcctaggtataatactagtCGTTAAAGGTAATGGTCAGCgttttagagctagaaatagcaagttaaaataaggctag
69,69_alaA,alaA,SER,TCG,239.0,PRO,CCT,715,-19,CCA,CTA,ctcaattgcgccgctggcacctgacctgctgACTattacctttaacggactgCCTaaaacgtaccgcgttgcaggcttccgtcag,non template / coding strand,CGACAGTCCGTTAAAGGTAA,TCCTCTGGCGGAAAGCCTctcaattgcgccgctggcacctgacctgctgACTattacctttaacggactgCCTaaaacgtaccgcgttgcaggcttccgtcagGATCttgacagctagctcagtcctaggtataatactagtCGACAGTCCGTTAAAGGTAAgttttagagctagaaatagcaagttaaaataaggctag
70,70_alaA,alaA,SER,TCG,239.0,PRO,CCA,715,-19,CCA,CTA,ctcaattgcgccgctggcacctgacctgctgACTattacctttaacggactgCCAaaaacgtaccgcgttgcaggcttccgtcag,non template / coding strand,CGACAGTCCGTTAAAGGTAA,TCCTCTGGCGGAAAGCCTctcaattgcgccgctggcacctgacctgctgACTattacctttaacggactgCCAaaaacgtaccgcgttgcaggcttccgtcagGATCttgacagctagctcagtcctaggtataatactagtCGACAGTCCGTTAAAGGTAAgttttagagctagaaatagcaagttaaaataaggctag
71,71_alaA,alaA,SER,TCG,239.0,PRO,CCG,715,-19,CCA,CTA,ctcaattgcgccgctggcacctgacctgctgACTattacctttaacggactgCCGaaaacgtaccgcgttgcaggcttccgtcag,non template / coding strand,CGACAGTCCGTTAAAGGTAA,TCCTCTGGCGGAAAGCCTctcaattgcgccgctggcacctgacctgctgACTattacctttaacggactgCCGaaaacgtaccgcgttgcaggcttccgtcagGATCttgacagctagctcagtcctaggtataatactagtCGACAGTCCGTTAAAGGTAAgttttagagctagaaatagcaagttaaaataaggctag
72,72_alaA,alaA,SER,TCG,239.0,PRO,CCT,715,-13,CCT,CTT,aattgcgccgctggcacctgacctgctgaccattACTtttaacggactgCCTaaaacgtaccgcgttgcaggcttccgtcagggg,non template / coding strand,CGTTTTCGACAGTCCGTTAA,TCCTCTGGCGGAAAGCCTaattgcgccgctggcacctgacctgctgaccattACTtttaacggactgCCTaaaacgtaccgcgttgcaggcttccgtcaggggGATCttgacagctagctcagtcctaggtataatactagtCGTTTTCGACAGTCCGTTAAgttttagagctagaaatagcaagttaaaataaggctag
73,73_alaA,alaA,SER,TCG,239.0,PRO,CCA,715,-13,CCT,CTT,aattgcgccgctggcacctgacctgctgaccattACTtttaacggactgCCAaaaacgtaccgcgttgcaggcttccgtcagggg,non template / coding strand,CGTTTTCGACAGTCCGTTAA,TCCTCTGGCGGAAAGCCTaattgcgccgctggcacctgacctgctgaccattACTtttaacggactgCCAaaaacgtaccgcgttgcaggcttccgtcaggggGATCttgacagctagctcagtcctaggtataatactagtCGTTTTCGACAGTCCGTTAAgttttagagctagaaatagcaagttaaaataaggctag
74,74_alaA,alaA,SER,TCG,239.0,PRO,CCG,715,-13,CCT,CTT,aattgcgccgctggcacctgacctgctgaccattACTtttaacggactgCCGaaaacgtaccgcgttgcaggcttccgtcagggg,non template / coding strand,CGTTTTCGACAGTCCGTTAA,TCCTCTGGCGGAAAGCCTaattgcgccgctggcacctgacctgctgaccattACTtttaacggactgCCGaaaacgtaccgcgttgcaggcttccgtcaggggGATCttgacagctagctcagtcctaggtataatactagtCGTTTTCGACAGTCCGTTAAgttttagagctagaaatagcaagttaaaataaggctag
75,75_alaA,alaA,SER,TCG,239.0,PRO,CCT,715,12,CCG,TCG,gcacctgacctgctgaccattacctttaacggactgCCTaaaacgTATcgcgttgcaggcttccgtcaggggtggatggtgttga,non template / coding strand,CCTGACGGAAGCCTGCAACG,TCCTCTGGCGGAAAGCCTgcacctgacctgctgaccattacctttaacggactgCCTaaaacgTATcgcgttgcaggcttccgtcaggggtggatggtgttgaGATCttgacagctagctcagtcctaggtataatactagtCCTGACGGAAGCCTGCAACGgttttagagctagaaatagcaagttaaaataaggctag
76,76_alaA,alaA,SER,TCG,239.0,PRO,CCA,715,12,CCG,TCG,gcacctgacctgctgaccattacctttaacggactgCCAaaaacgTATcgcgttgcaggcttccgtcaggggtggatggtgttga,non template / coding strand,CCTGACGGAAGCCTGCAACG,TCCTCTGGCGGAAAGCCTgcacctgacctgctgaccattacctttaacggactgCCAaaaacgTATcgcgttgcaggcttccgtcaggggtggatggtgttgaGATCttgacagctagctcagtcctaggtataatactagtCCTGACGGAAGCCTGCAACGgttttagagctagaaatagcaagttaaaataaggctag
77,77_alaA,alaA,SER,TCG,239.0,PRO,CCG,715,12,CCG,TCG,gcacctgacctgctgaccattacctttaacggactgCCGaaaacgTATcgcgttgcaggcttccgtcaggggtggatggtgttga,non template / coding strand,CCTGACGGAAGCCTGCAACG,TCCTCTGGCGGAAAGCCTgcacctgacctgctgaccattacctttaacggactgCCGaaaacgTATcgcgttgcaggcttccgtcaggggtggatggtgttgaGATCttgacagctagctcagtcctaggtataatactagtCCTGACGGAAGCCTGCAACGgttttagagctagaaatagcaagttaaaataaggctag
78,78_alaA,alaA,SER,TCG,239.0,PRO,CCT,715,27,CCG,TCG,cctgctgaccattacctttaacggactgCCTaaaacgtaccgcgttgcaggcTTTcgtcaggggtggatggtgttgaacgggccg,non template / coding strand,TCAACACCATCCACCCCTGA,TCCTCTGGCGGAAAGCCTcctgctgaccattacctttaacggactgCCTaaaacgtaccgcgttgcaggcTTTcgtcaggggtggatggtgttgaacgggccgGATCttgacagctagctcagtcctaggtataatactagtTCAACACCATCCACCCCTGAgttttagagctagaaatagcaagttaaaataaggctag
79,79_alaA,alaA,SER,TCG,239.0,PRO,CCA,715,27,CCG,TCG,cctgctgaccattacctttaacggactgCCAaaaacgtaccgcgttgcaggcTTTcgtcaggggtggatggtgttgaacgggccg,non template / coding strand,TCAACACCATCCACCCCTGA,TCCTCTGGCGGAAAGCCTcctgctgaccattacctttaacggactgCCAaaaacgtaccgcgttgcaggcTTTcgtcaggggtggatggtgttgaacgggccgGATCttgacagctagctcagtcctaggtataatactagtTCAACACCATCCACCCCTGAgttttagagctagaaatagcaagttaaaataaggctag
80,80_alaA,alaA,SER,TCG,239.0,PRO,CCG,715,27,CCG,TCG,cctgctgaccattacctttaacggactgCCGaaaacgtaccgcgttgcaggcTTTcgtcaggggtggatggtgttgaacgggccg,non template / coding strand,TCAACACCATCCACCCCTGA,TCCTCTGGCGGAAAGCCTcctgctgaccattacctttaacggactgCCGaaaacgtaccgcgttgcaggcTTTcgtcaggggtggatggtgttgaacgggccgGATCttgacagctagctcagtcctaggtataatactagtTCAACACCATCCACCCCTGAgttttagagctagaaatagcaagttaaaataaggctag
81,81_alaA,alaA,VAL,GTT,244.0,ILE,ATT,730,-21,CGG,-,tggcacctgacctgctgaccattacctttaacggactgtcgaaaacgtaccgcATTgcaggcttccgtcaggggtggatggtgtt,template / non coding strand,TGCTGACCATTACCTTTAAC,TCCTCTGGCGGAAAGCCTtggcacctgacctgctgaccattacctttaacggactgtcgaaaacgtaccgcATTgcaggcttccgtcaggggtggatggtgttGATCttgacagctagctcagtcctaggtataatactagtTGCTGACCATTACCTTTAACgttttagagctagaaatagcaagttaaaataaggctag
82,82_alaA,alaA,VAL,GTT,244.0,ILE,ATA,730,-21,CGG,-,tggcacctgacctgctgaccattacctttaacggactgtcgaaaacgtaccgcATAgcaggcttccgtcaggggtggatggtgtt,template / non coding strand,TGCTGACCATTACCTTTAAC,TCCTCTGGCGGAAAGCCTtggcacctgacctgctgaccattacctttaacggactgtcgaaaacgtaccgcATAgcaggcttccgtcaggggtggatggtgttGATCttgacagctagctcagtcctaggtataatactagtTGCTGACCATTACCTTTAACgttttagagctagaaatagcaagttaaaataaggctag
83,83_alaA,alaA,VAL,GTT,244.0,ILE,ATT,730,-28,CCT,CTT,cgctggcacctgacctgctgaccattACTtttaacggactgtcgaaaacgtaccgcATTgcaggcttccgtcaggggtggatggt,non template / coding strand,CGTTTTCGACAGTCCGTTAA,TCCTCTGGCGGAAAGCCTcgctggcacctgacctgctgaccattACTtttaacggactgtcgaaaacgtaccgcATTgcaggcttccgtcaggggtggatggtGATCttgacagctagctcagtcctaggtataatactagtCGTTTTCGACAGTCCGTTAAgttttagagctagaaatagcaagttaaaataaggctag
84,84_alaA,alaA,VAL,GTT,244.0,ILE,ATA,730,-28,CCT,CTT,cgctggcacctgacctgctgaccattACTtttaacggactgtcgaaaacgtaccgcATAgcaggcttccgtcaggggtggatggt,non template / coding strand,CGTTTTCGACAGTCCGTTAA,TCCTCTGGCGGAAAGCCTcgctggcacctgacctgctgaccattACTtttaacggactgtcgaaaacgtaccgcATAgcaggcttccgtcaggggtggatggtGATCttgacagctagctcagtcctaggtataatactagtCGTTTTCGACAGTCCGTTAAgttttagagctagaaatagcaagttaaaataaggctag
85,85_alaA,alaA,VAL,GTT,244.0,ILE,ATT,730,-3,CCG,-,acctgctgaccattacctttaacggactgtcgaaaacgtaccgcATTgcaggcttccgtcaggggtggatggtgttgaacgggcc,non template / coding strand,CCTGACGGAAGCCTGCAACG,TCCTCTGGCGGAAAGCCTacctgctgaccattacctttaacggactgtcgaaaacgtaccgcATTgcaggcttccgtcaggggtggatggtgttgaacgggccGATCttgacagctagctcagtcctaggtataatactagtCCTGACGGAAGCCTGCAACGgttttagagctagaaatagcaagttaaaataaggctag
86,86_alaA,alaA,VAL,GTT,244.0,ILE,ATA,730,-3,CCG,-,acctgctgaccattacctttaacggactgtcgaaaacgtaccgcATAgcaggcttccgtcaggggtggatggtgttgaacgggcc,non template / coding strand,CCTGACGGAAGCCTGCAACG,TCCTCTGGCGGAAAGCCTacctgctgaccattacctttaacggactgtcgaaaacgtaccgcATAgcaggcttccgtcaggggtggatggtgttgaacgggccGATCttgacagctagctcagtcctaggtataatactagtCCTGACGGAAGCCTGCAACGgttttagagctagaaatagcaagttaaaataaggctag
87,87_alaA,alaA,VAL,GTT,244.0,ILE,ATT,730,12,CCG,TCG,accattacctttaacggactgtcgaaaacgtaccgcATTgcaggcTTTcgtcaggggtggatggtgttgaacgggccgaaaaaac,non template / coding strand,TCAACACCATCCACCCCTGA,TCCTCTGGCGGAAAGCCTaccattacctttaacggactgtcgaaaacgtaccgcATTgcaggcTTTcgtcaggggtggatggtgttgaacgggccgaaaaaacGATCttgacagctagctcagtcctaggtataatactagtTCAACACCATCCACCCCTGAgttttagagctagaaatagcaagttaaaataaggctag
88,88_alaA,alaA,VAL,GTT,244.0,ILE,ATA,730,12,CCG,TCG,accattacctttaacggactgtcgaaaacgtaccgcATAgcaggcTTTcgtcaggggtggatggtgttgaacgggccgaaaaaac,non template / coding strand,TCAACACCATCCACCCCTGA,TCCTCTGGCGGAAAGCCTaccattacctttaacggactgtcgaaaacgtaccgcATAgcaggcTTTcgtcaggggtggatggtgttgaacgggccgaaaaaacGATCttgacagctagctcagtcctaggtataatactagtTCAACACCATCCACCCCTGAgttttagagctagaaatagcaagttaaaataaggctag
89,89_alaA,alaA,ARG,CGC,27.0,HIS,CAT,79,-24,TGG,-,aaattagagaatgtctgttatgacatccgtggtccggtgctgaaagaagcaaaaCATctggaagaagaaggtaacaaggtactga,template / non coding strand,ATGTCTGTTATGACATCCGT,TCCTCTGGCGGAAAGCCTaaattagagaatgtctgttatgacatccgtggtccggtgctgaaagaagcaaaaCATctggaagaagaaggtaacaaggtactgaGATCttgacagctagctcagtcctaggtataatactagtATGTCTGTTATGACATCCGTgttttagagctagaaatagcaagttaaaataaggctag
90,90_alaA,alaA,ARG,CGC,27.0,HIS,CAT,79,-19,CGG,-,attagagaatgtctgttatgacatccgtggtccggtgctgaaagaagcaaaaCATctggaagaagaaggtaacaaggtactgaaa,template / non coding strand,CTGTTATGACATCCGTGGTC,TCCTCTGGCGGAAAGCCTattagagaatgtctgttatgacatccgtggtccggtgctgaaagaagcaaaaCATctggaagaagaaggtaacaaggtactgaaaGATCttgacagctagctcagtcctaggtataatactagtCTGTTATGACATCCGTGGTCgttttagagctagaaatagcaagttaaaataaggctag
91,91_alaA,alaA,ARG,CGC,27.0,HIS,CAT,79,-27,CCG,-,gcaaattagagaatgtctgttatgacatccgtggtccggtgctgaaagaagcaaaaCATctggaagaagaaggtaacaaggtact,non template / coding strand,CTTCTTTCAGCACCGGACCA,TCCTCTGGCGGAAAGCCTgcaaattagagaatgtctgttatgacatccgtggtccggtgctgaaagaagcaaaaCATctggaagaagaaggtaacaaggtactGATCttgacagctagctcagtcctaggtataatactagtCTTCTTTCAGCACCGGACCAgttttagagctagaaatagcaagttaaaataaggctag
92,92_alaA,alaA,ARG,CGC,27.0,HIS,CAT,79,-20,CCG,-,attagagaatgtctgttatgacatccgtggtccggtgctgaaagaagcaaaaCATctggaagaagaaggtaacaaggtactgaaa,non template / coding strand,CGTTTTGCTTCTTTCAGCAC,TCCTCTGGCGGAAAGCCTattagagaatgtctgttatgacatccgtggtccggtgctgaaagaagcaaaaCATctggaagaagaaggtaacaaggtactgaaaGATCttgacagctagctcagtcctaggtataatactagtCGTTTTGCTTCTTTCAGCACgttttagagctagaaatagcaagttaaaataaggctag
93,93_alaA,alaA,ARG,CGC,27.0,HIS,CAT,79,3,CCT,TCT,ctgttatgacatccgtggtccggtgctgaaagaagcaaaaCATCTAgaagaagaaggtaacaaggtactgaaactgaacatcggc,non template / coding strand,CCTTGTTACCTTCTTCTTCC,TCCTCTGGCGGAAAGCCTctgttatgacatccgtggtccggtgctgaaagaagcaaaaCATCTAgaagaagaaggtaacaaggtactgaaactgaacatcggcGATCttgacagctagctcagtcctaggtataatactagtCCTTGTTACCTTCTTCTTCCgttttagagctagaaatagcaagttaaaataaggctag
94,94_alaA,alaA,THR,ACC,288.0,ALA,GCC,862,-7,CCA,CAA,ttcaatgcgcctgtgtgctaacgttcctgcgcaacacGCAattcagGCCgcgctaggtggttatcagagcatcagtgaatttatt,non template / coding strand,ACCACCTAGCGCGGTCTGAA,TCCTCTGGCGGAAAGCCTttcaatgcgcctgtgtgctaacgttcctgcgcaacacGCAattcagGCCgcgctaggtggttatcagagcatcagtgaatttattGATCttgacagctagctcagtcctaggtataatactagtACCACCTAGCGCGGTCTGAAgttttagagctagaaatagcaagttaaaataaggctag
95,95_alaA,alaA,THR,ACC,288.0,ALA,GCA,862,-7,CCA,CAA,ttcaatgcgcctgtgtgctaacgttcctgcgcaacacGCAattcagGCAgcgctaggtggttatcagagcatcagtgaatttatt,non template / coding strand,ACCACCTAGCGCGGTCTGAA,TCCTCTGGCGGAAAGCCTttcaatgcgcctgtgtgctaacgttcctgcgcaacacGCAattcagGCAgcgctaggtggttatcagagcatcagtgaatttattGATCttgacagctagctcagtcctaggtataatactagtACCACCTAGCGCGGTCTGAAgttttagagctagaaatagcaagttaaaataaggctag
96,96_alaA,alaA,THR,ACC,288.0,ALA,GCG,862,-7,CCA,CAA,ttcaatgcgcctgtgtgctaacgttcctgcgcaacacGCAattcagGCGgcgctaggtggttatcagagcatcagtgaatttatt,non template / coding strand,ACCACCTAGCGCGGTCTGAA,TCCTCTGGCGGAAAGCCTttcaatgcgcctgtgtgctaacgttcctgcgcaacacGCAattcagGCGgcgctaggtggttatcagagcatcagtgaatttattGATCttgacagctagctcagtcctaggtataatactagtACCACCTAGCGCGGTCTGAAgttttagagctagaaatagcaagttaaaataaggctag
97,97_alaA,alaA,GLY,GGC,303.0,SER,TCA,907,-4,CCC,CTC,ccgcgctaggtggttatcagagcatcagtgaatttattACTcctTCAggtcgtctttatgagcagcgtaaccgcgcgtgggaact,non template / coding strand,CTCATAAAGACGACCGCCAG,TCCTCTGGCGGAAAGCCTccgcgctaggtggttatcagagcatcagtgaatttattACTcctTCAggtcgtctttatgagcagcgtaaccgcgcgtgggaactGATCttgacagctagctcagtcctaggtataatactagtCTCATAAAGACGACCGCCAGgttttagagctagaaatagcaagttaaaataaggctag
98,98_alaA,alaA,GLY,GGC,303.0,SER,TCG,907,-4,CCC,CTC,ccgcgctaggtggttatcagagcatcagtgaatttattACTcctTCGggtcgtctttatgagcagcgtaaccgcgcgtgggaact,non template / coding strand,CTCATAAAGACGACCGCCAG,TCCTCTGGCGGAAAGCCTccgcgctaggtggttatcagagcatcagtgaatttattACTcctTCGggtcgtctttatgagcagcgtaaccgcgcgtgggaactGATCttgacagctagctcagtcctaggtataatactagtCTCATAAAGACGACCGCCAGgttttagagctagaaatagcaagttaaaataaggctag
99,99_alaA,alaA,GLY,GGC,303.0,SER,TCC,907,-4,CCC,CTC,ccgcgctaggtggttatcagagcatcagtgaatttattACTcctTCCggtcgtctttatgagcagcgtaaccgcgcgtgggaact,non template / coding strand,CTCATAAAGACGACCGCCAG,TCCTCTGGCGGAAAGCCTccgcgctaggtggttatcagagcatcagtgaatttattACTcctTCCggtcgtctttatgagcagcgtaaccgcgcgtgggaactGATCttgacagctagctcagtcctaggtataatactagtCTCATAAAGACGACCGCCAGgttttagagctagaaatagcaagttaaaataaggctag
100,100_alaA,alaA,GLY,GGC,303.0,SER,AGT,907,-4,CCC,CTC,ccgcgctaggtggttatcagagcatcagtgaatttattACTcctAGTggtcgtctttatgagcagcgtaaccgcgcgtgggaact,non template / coding strand,CTCATAAAGACGACCGCCAG,TCCTCTGGCGGAAAGCCTccgcgctaggtggttatcagagcatcagtgaatttattACTcctAGTggtcgtctttatgagcagcgtaaccgcgcgtgggaactGATCttgacagctagctcagtcctaggtataatactagtCTCATAAAGACGACCGCCAGgttttagagctagaaatagcaagttaaaataaggctag
101,101_alaA,alaA,GLY,GGC,303.0,SER,AGC,907,-4,CCC,CTC,ccgcgctaggtggttatcagagcatcagtgaatttattACTcctAGCggtcgtctttatgagcagcgtaaccgcgcgtgggaact,non template / coding strand,CTCATAAAGACGACCGCCAG,TCCTCTGGCGGAAAGCCTccgcgctaggtggttatcagagcatcagtgaatttattACTcctAGCggtcgtctttatgagcagcgtaaccgcgcgtgggaactGATCttgacagctagctcagtcctaggtataatactagtCTCATAAAGACGACCGCCAGgttttagagctagaaatagcaagttaaaataaggctag
102,102_alaA,alaA,GLY,GGC,303.0,SER,TCA,907,27,CCG,TCG,tcagagcatcagtgaatttattacccctTCAggtcgtctttatgagcagcgtAATcgcgcgtgggaactgatcaacgatattccg,non template / coding strand,CGTTGATCAGTTCCCACGCG,TCCTCTGGCGGAAAGCCTtcagagcatcagtgaatttattacccctTCAggtcgtctttatgagcagcgtAATcgcgcgtgggaactgatcaacgatattccgGATCttgacagctagctcagtcctaggtataatactagtCGTTGATCAGTTCCCACGCGgttttagagctagaaatagcaagttaaaataaggctag
103,103_alaA,alaA,GLY,GGC,303.0,SER,TCG,907,27,CCG,TCG,tcagagcatcagtgaatttattacccctTCGggtcgtctttatgagcagcgtAATcgcgcgtgggaactgatcaacgatattccg,non template / coding strand,CGTTGATCAGTTCCCACGCG,TCCTCTGGCGGAAAGCCTtcagagcatcagtgaatttattacccctTCGggtcgtctttatgagcagcgtAATcgcgcgtgggaactgatcaacgatattccgGATCttgacagctagctcagtcctaggtataatactagtCGTTGATCAGTTCCCACGCGgttttagagctagaaatagcaagttaaaataaggctag
104,104_alaA,alaA,GLY,GGC,303.0,SER,TCC,907,27,CCG,TCG,tcagagcatcagtgaatttattacccctTCCggtcgtctttatgagcagcgtAATcgcgcgtgggaactgatcaacgatattccg,non template / coding strand,CGTTGATCAGTTCCCACGCG,TCCTCTGGCGGAAAGCCTtcagagcatcagtgaatttattacccctTCCggtcgtctttatgagcagcgtAATcgcgcgtgggaactgatcaacgatattccgGATCttgacagctagctcagtcctaggtataatactagtCGTTGATCAGTTCCCACGCGgttttagagctagaaatagcaagttaaaataaggctag
105,105_alaA,alaA,GLY,GGC,303.0,SER,AGT,907,27,CCG,TCG,tcagagcatcagtgaatttattacccctAGTggtcgtctttatgagcagcgtAATcgcgcgtgggaactgatcaacgatattccg,non template / coding strand,CGTTGATCAGTTCCCACGCG,TCCTCTGGCGGAAAGCCTtcagagcatcagtgaatttattacccctAGTggtcgtctttatgagcagcgtAATcgcgcgtgggaactgatcaacgatattccgGATCttgacagctagctcagtcctaggtataatactagtCGTTGATCAGTTCCCACGCGgttttagagctagaaatagcaagttaaaataaggctag
106,106_alaA,alaA,GLY,GGC,303.0,SER,AGC,907,27,CCG,TCG,tcagagcatcagtgaatttattacccctAGCggtcgtctttatgagcagcgtAATcgcgcgtgggaactgatcaacgatattccg,non template / coding strand,CGTTGATCAGTTCCCACGCG,TCCTCTGGCGGAAAGCCTtcagagcatcagtgaatttattacccctAGCggtcgtctttatgagcagcgtAATcgcgcgtgggaactgatcaacgatattccgGATCttgacagctagctcagtcctaggtataatactagtCGTTGATCAGTTCCCACGCGgttttagagctagaaatagcaagttaaaataaggctag
107,107_alaA,alaA,ASN,AAC,311.0,LYS,AAA,931,-24,TGG,-,tatcagagcatcagtgaatttattacccctggcggtcgtctttatgagcagcgtAAAcgcgcgtgggaactgatcaacgatattc,template / non coding strand,TCAGTGAATTTATTACCCCT,TCCTCTGGCGGAAAGCCTtatcagagcatcagtgaatttattacccctggcggtcgtctttatgagcagcgtAAAcgcgcgtgggaactgatcaacgatattcGATCttgacagctagctcagtcctaggtataatactagtTCAGTGAATTTATTACCCCTgttttagagctagaaatagcaagttaaaataaggctag
108,108_alaA,alaA,ASN,AAC,311.0,LYS,AAA,931,-21,CGG,-,atcagagcatcagtgaatttattacccctggcggtcgtctttatgagcagcgtAAAcgcgcgtgggaactgatcaacgatattcc,template / non coding strand,GTGAATTTATTACCCCTGGC,TCCTCTGGCGGAAAGCCTatcagagcatcagtgaatttattacccctggcggtcgtctttatgagcagcgtAAAcgcgcgtgggaactgatcaacgatattccGATCttgacagctagctcagtcctaggtataatactagtGTGAATTTATTACCCCTGGCgttttagagctagaaatagcaagttaaaataaggctag
109,109_alaA,alaA,ASN,AAC,311.0,LYS,AAA,931,-28,CCC,CTC,gttatcagagcatcagtgaatttattACTcctggcggtcgtctttatgagcagcgtAAAcgcgcgtgggaactgatcaacgatat,non template / coding strand,CTCATAAAGACGACCGCCAG,TCCTCTGGCGGAAAGCCTgttatcagagcatcagtgaatttattACTcctggcggtcgtctttatgagcagcgtAAAcgcgcgtgggaactgatcaacgatatGATCttgacagctagctcagtcctaggtataatactagtCTCATAAAGACGACCGCCAGgttttagagctagaaatagcaagttaaaataaggctag
110,110_alaA,alaA,ARG,CGC,312.0,CYS,TGT,934,-27,TGG,-,atcagagcatcagtgaatttattacccctggcggtcgtctttatgagcagcgtaacTGTgcgtgggaactgatcaacgatattcc,template / non coding strand,TCAGTGAATTTATTACCCCT,TCCTCTGGCGGAAAGCCTatcagagcatcagtgaatttattacccctggcggtcgtctttatgagcagcgtaacTGTgcgtgggaactgatcaacgatattccGATCttgacagctagctcagtcctaggtataatactagtTCAGTGAATTTATTACCCCTgttttagagctagaaatagcaagttaaaataaggctag
111,111_alaA,alaA,ARG,CGC,312.0,CYS,TGC,934,-27,TGG,-,atcagagcatcagtgaatttattacccctggcggtcgtctttatgagcagcgtaacTGCgcgtgggaactgatcaacgatattcc,template / non coding strand,TCAGTGAATTTATTACCCCT,TCCTCTGGCGGAAAGCCTatcagagcatcagtgaatttattacccctggcggtcgtctttatgagcagcgtaacTGCgcgtgggaactgatcaacgatattccGATCttgacagctagctcagtcctaggtataatactagtTCAGTGAATTTATTACCCCTgttttagagctagaaatagcaagttaaaataaggctag
112,112_alaA,alaA,ARG,CGC,312.0,CYS,TGT,934,-24,CGG,-,cagagcatcagtgaatttattacccctggcggtcgtctttatgagcagcgtaacTGTgcgtgggaactgatcaacgatattccgg,template / non coding strand,GTGAATTTATTACCCCTGGC,TCCTCTGGCGGAAAGCCTcagagcatcagtgaatttattacccctggcggtcgtctttatgagcagcgtaacTGTgcgtgggaactgatcaacgatattccggGATCttgacagctagctcagtcctaggtataatactagtGTGAATTTATTACCCCTGGCgttttagagctagaaatagcaagttaaaataaggctag
113,113_alaA,alaA,ARG,CGC,312.0,CYS,TGC,934,-24,CGG,-,cagagcatcagtgaatttattacccctggcggtcgtctttatgagcagcgtaacTGCgcgtgggaactgatcaacgatattccgg,template / non coding strand,GTGAATTTATTACCCCTGGC,TCCTCTGGCGGAAAGCCTcagagcatcagtgaatttattacccctggcggtcgtctttatgagcagcgtaacTGCgcgtgggaactgatcaacgatattccggGATCttgacagctagctcagtcctaggtataatactagtGTGAATTTATTACCCCTGGCgttttagagctagaaatagcaagttaaaataaggctag
114,114_alaA,alaA,ARG,CGC,312.0,CYS,TGT,934,-29,CCT,-,tatcagagcatcagtgaatttattacccctggcggtcgtctttatgagcagcgtaacTGTgcgtgggaactgatcaacgatattc,non template / coding strand,TGCTCATAAAGACGACCGCC,TCCTCTGGCGGAAAGCCTtatcagagcatcagtgaatttattacccctggcggtcgtctttatgagcagcgtaacTGTgcgtgggaactgatcaacgatattcGATCttgacagctagctcagtcctaggtataatactagtTGCTCATAAAGACGACCGCCgttttagagctagaaatagcaagttaaaataaggctag
115,115_alaA,alaA,ARG,CGC,312.0,CYS,TGC,934,-29,CCT,-,tatcagagcatcagtgaatttattacccctggcggtcgtctttatgagcagcgtaacTGCgcgtgggaactgatcaacgatattc,non template / coding strand,TGCTCATAAAGACGACCGCC,TCCTCTGGCGGAAAGCCTtatcagagcatcagtgaatttattacccctggcggtcgtctttatgagcagcgtaacTGCgcgtgggaactgatcaacgatattcGATCttgacagctagctcagtcctaggtataatactagtTGCTCATAAAGACGACCGCCgttttagagctagaaatagcaagttaaaataaggctag
116,116_alaA,alaA,ASN,AAC,318.0,SER,TCA,952,-11,TGG,-,cctggcggtcgtctttatgagcagcgtaaccgcgcgtgggaactgatcTCAgatattccgggcgtttcctgcgtgaaacctcgtg,template / non coding strand,ATGAGCAGCGTAACCGCGCG,TCCTCTGGCGGAAAGCCTcctggcggtcgtctttatgagcagcgtaaccgcgcgtgggaactgatcTCAgatattccgggcgtttcctgcgtgaaacctcgtgGATCttgacagctagctcagtcctaggtataatactagtATGAGCAGCGTAACCGCGCGgttttagagctagaaatagcaagttaaaataaggctag
117,117_alaA,alaA,ASN,AAC,318.0,SER,TCC,952,-11,TGG,-,cctggcggtcgtctttatgagcagcgtaaccgcgcgtgggaactgatcTCCgatattccgggcgtttcctgcgtgaaacctcgtg,template / non coding strand,ATGAGCAGCGTAACCGCGCG,TCCTCTGGCGGAAAGCCTcctggcggtcgtctttatgagcagcgtaaccgcgcgtgggaactgatcTCCgatattccgggcgtttcctgcgtgaaacctcgtgGATCttgacagctagctcagtcctaggtataatactagtATGAGCAGCGTAACCGCGCGgttttagagctagaaatagcaagttaaaataaggctag
118,118_alaA,alaA,ASN,AAC,318.0,SER,AGT,952,-11,TGG,-,cctggcggtcgtctttatgagcagcgtaaccgcgcgtgggaactgatcAGTgatattccgggcgtttcctgcgtgaaacctcgtg,template / non coding strand,ATGAGCAGCGTAACCGCGCG,TCCTCTGGCGGAAAGCCTcctggcggtcgtctttatgagcagcgtaaccgcgcgtgggaactgatcAGTgatattccgggcgtttcctgcgtgaaacctcgtgGATCttgacagctagctcagtcctaggtataatactagtATGAGCAGCGTAACCGCGCGgttttagagctagaaatagcaagttaaaataaggctag
119,119_alaA,alaA,ASN,AAC,318.0,SER,AGC,952,-11,TGG,-,cctggcggtcgtctttatgagcagcgtaaccgcgcgtgggaactgatcAGCgatattccgggcgtttcctgcgtgaaacctcgtg,template / non coding strand,ATGAGCAGCGTAACCGCGCG,TCCTCTGGCGGAAAGCCTcctggcggtcgtctttatgagcagcgtaaccgcgcgtgggaactgatcAGCgatattccgggcgtttcctgcgtgaaacctcgtgGATCttgacagctagctcagtcctaggtataatactagtATGAGCAGCGTAACCGCGCGgttttagagctagaaatagcaagttaaaataaggctag
120,120_alaA,alaA,ASN,AAC,318.0,SER,TCA,952,-18,CCG,-,acccctggcggtcgtctttatgagcagcgtaaccgcgcgtgggaactgatcTCAgatattccgggcgtttcctgcgtgaaacctc,non template / coding strand,CGTTGATCAGTTCCCACGCG,TCCTCTGGCGGAAAGCCTacccctggcggtcgtctttatgagcagcgtaaccgcgcgtgggaactgatcTCAgatattccgggcgtttcctgcgtgaaacctcGATCttgacagctagctcagtcctaggtataatactagtCGTTGATCAGTTCCCACGCGgttttagagctagaaatagcaagttaaaataaggctag
121,121_alaA,alaA,ASN,AAC,318.0,SER,TCC,952,-18,CCG,-,acccctggcggtcgtctttatgagcagcgtaaccgcgcgtgggaactgatcTCCgatattccgggcgtttcctgcgtgaaacctc,non template / coding strand,CGTTGATCAGTTCCCACGCG,TCCTCTGGCGGAAAGCCTacccctggcggtcgtctttatgagcagcgtaaccgcgcgtgggaactgatcTCCgatattccgggcgtttcctgcgtgaaacctcGATCttgacagctagctcagtcctaggtataatactagtCGTTGATCAGTTCCCACGCGgttttagagctagaaatagcaagttaaaataaggctag
122,122_alaA,alaA,ASN,AAC,318.0,SER,AGT,952,-18,CCG,-,acccctggcggtcgtctttatgagcagcgtaaccgcgcgtgggaactgatcAGTgatattccgggcgtttcctgcgtgaaacctc,non template / coding strand,CGTTGATCAGTTCCCACGCG,TCCTCTGGCGGAAAGCCTacccctggcggtcgtctttatgagcagcgtaaccgcgcgtgggaactgatcAGTgatattccgggcgtttcctgcgtgaaacctcGATCttgacagctagctcagtcctaggtataatactagtCGTTGATCAGTTCCCACGCGgttttagagctagaaatagcaagttaaaataaggctag
123,123_alaA,alaA,ASN,AAC,318.0,SER,AGC,952,-18,CCG,-,acccctggcggtcgtctttatgagcagcgtaaccgcgcgtgggaactgatcAGCgatattccgggcgtttcctgcgtgaaacctc,non template / coding strand,CGTTGATCAGTTCCCACGCG,TCCTCTGGCGGAAAGCCTacccctggcggtcgtctttatgagcagcgtaaccgcgcgtgggaactgatcAGCgatattccgggcgtttcctgcgtgaaacctcGATCttgacagctagctcagtcctaggtataatactagtCGTTGATCAGTTCCCACGCGgttttagagctagaaatagcaagttaaaataaggctag
124,124_alaA,alaA,ASP,GAT,319.0,ASN,AAC,955,-14,TGG,-,tggcggtcgtctttatgagcagcgtaaccgcgcgtgggaactgatcaacAACattccgggcgtttcctgcgtgaaacctcgtggt,template / non coding strand,ATGAGCAGCGTAACCGCGCG,TCCTCTGGCGGAAAGCCTtggcggtcgtctttatgagcagcgtaaccgcgcgtgggaactgatcaacAACattccgggcgtttcctgcgtgaaacctcgtggtGATCttgacagctagctcagtcctaggtataatactagtATGAGCAGCGTAACCGCGCGgttttagagctagaaatagcaagttaaaataaggctag
125,125_alaA,alaA,ASP,GAT,319.0,ASN,AAC,955,-21,CCG,-,cccctggcggtcgtctttatgagcagcgtaaccgcgcgtgggaactgatcaacAACattccgggcgtttcctgcgtgaaacctcg,non template / coding strand,CGTTGATCAGTTCCCACGCG,TCCTCTGGCGGAAAGCCTcccctggcggtcgtctttatgagcagcgtaaccgcgcgtgggaactgatcaacAACattccgggcgtttcctgcgtgaaacctcgGATCttgacagctagctcagtcctaggtataatactagtCGTTGATCAGTTCCCACGCGgttttagagctagaaatagcaagttaaaataaggctag
126,126_alaA,alaA,ARG,CGT,329.0,CYS,TGT,985,-13,CCT,CTT,cgcgtgggaactgatcaacgatattccgggcgttTCTtgcgtgaaacctTGTggtgcgctgtatatgttcccgaaaatcgacgcc,non template / coding strand,CGCACCACGAGGTTTCACGC,TCCTCTGGCGGAAAGCCTcgcgtgggaactgatcaacgatattccgggcgttTCTtgcgtgaaacctTGTggtgcgctgtatatgttcccgaaaatcgacgccGATCttgacagctagctcagtcctaggtataatactagtCGCACCACGAGGTTTCACGCgttttagagctagaaatagcaagttaaaataaggctag
127,127_alaA,alaA,ARG,CGT,329.0,CYS,TGC,985,-13,CCT,CTT,cgcgtgggaactgatcaacgatattccgggcgttTCTtgcgtgaaacctTGCggtgcgctgtatatgttcccgaaaatcgacgcc,non template / coding strand,CGCACCACGAGGTTTCACGC,TCCTCTGGCGGAAAGCCTcgcgtgggaactgatcaacgatattccgggcgttTCTtgcgtgaaacctTGCggtgcgctgtatatgttcccgaaaatcgacgccGATCttgacagctagctcagtcctaggtataatactagtCGCACCACGAGGTTTCACGCgttttagagctagaaatagcaagttaaaataaggctag
128,128_alaA,alaA,ARG,CGT,329.0,CYS,TGT,985,21,CCC,TCC,cgatattccgggcgtttcctgcgtgaaacctTGTggtgcgctgtatatgTTTccgaaaatcgacgccaaacgctttaacattcac,non template / coding strand,AGCGTTTGGCGTCGATTTTC,TCCTCTGGCGGAAAGCCTcgatattccgggcgtttcctgcgtgaaacctTGTggtgcgctgtatatgTTTccgaaaatcgacgccaaacgctttaacattcacGATCttgacagctagctcagtcctaggtataatactagtAGCGTTTGGCGTCGATTTTCgttttagagctagaaatagcaagttaaaataaggctag
129,129_alaA,alaA,ARG,CGT,329.0,CYS,TGC,985,21,CCC,TCC,cgatattccgggcgtttcctgcgtgaaacctTGCggtgcgctgtatatgTTTccgaaaatcgacgccaaacgctttaacattcac,non template / coding strand,AGCGTTTGGCGTCGATTTTC,TCCTCTGGCGGAAAGCCTcgatattccgggcgtttcctgcgtgaaacctTGCggtgcgctgtatatgTTTccgaaaatcgacgccaaacgctttaacattcacGATCttgacagctagctcagtcctaggtataatactagtAGCGTTTGGCGTCGATTTTCgttttagagctagaaatagcaagttaaaataaggctag
130,130_alaA,alaA,ALA,GCC,340.0,THR,ACG,1018,-12,CCC,-,tcctgcgtgaaacctcgtggtgcgctgtatatgttcccgaaaatcgacACGaaacgctttaacattcacgacgatcagaaaatgg,non template / coding strand,AGCGTTTGGCGTCGATTTTC,TCCTCTGGCGGAAAGCCTtcctgcgtgaaacctcgtggtgcgctgtatatgttcccgaaaatcgacACGaaacgctttaacattcacgacgatcagaaaatggGATCttgacagctagctcagtcctaggtataatactagtAGCGTTTGGCGTCGATTTTCgttttagagctagaaatagcaagttaaaataaggctag
131,131_alaA,alaA,ALA,GCC,340.0,THR,ACA,1018,-12,CCC,-,tcctgcgtgaaacctcgtggtgcgctgtatatgttcccgaaaatcgacACAaaacgctttaacattcacgacgatcagaaaatgg,non template / coding strand,AGCGTTTGGCGTCGATTTTC,TCCTCTGGCGGAAAGCCTtcctgcgtgaaacctcgtggtgcgctgtatatgttcccgaaaatcgacACAaaacgctttaacattcacgacgatcagaaaatggGATCttgacagctagctcagtcctaggtataatactagtAGCGTTTGGCGTCGATTTTCgttttagagctagaaatagcaagttaaaataaggctag
132,132_alaA,alaA,ALA,GCC,340.0,VAL,GTT,1018,-12,CCC,-,tcctgcgtgaaacctcgtggtgcgctgtatatgttcccgaaaatcgacGTTaaacgctttaacattcacgacgatcagaaaatgg,non template / coding strand,AGCGTTTGGCGTCGATTTTC,TCCTCTGGCGGAAAGCCTtcctgcgtgaaacctcgtggtgcgctgtatatgttcccgaaaatcgacGTTaaacgctttaacattcacgacgatcagaaaatggGATCttgacagctagctcagtcctaggtataatactagtAGCGTTTGGCGTCGATTTTCgttttagagctagaaatagcaagttaaaataaggctag
133,133_alaA,alaA,ALA,GCC,340.0,THR,ACT,1018,-12,CCC,-,tcctgcgtgaaacctcgtggtgcgctgtatatgttcccgaaaatcgacACTaaacgctttaacattcacgacgatcagaaaatgg,non template / coding strand,AGCGTTTGGCGTCGATTTTC,TCCTCTGGCGGAAAGCCTtcctgcgtgaaacctcgtggtgcgctgtatatgttcccgaaaatcgacACTaaacgctttaacattcacgacgatcagaaaatggGATCttgacagctagctcagtcctaggtataatactagtAGCGTTTGGCGTCGATTTTCgttttagagctagaaatagcaagttaaaataaggctag
134,134_alaA,alaA,ALA,GCC,340.0,VAL,GTC,1018,-12,CCC,-,tcctgcgtgaaacctcgtggtgcgctgtatatgttcccgaaaatcgacGTCaaacgctttaacattcacgacgatcagaaaatgg,non template / coding strand,AGCGTTTGGCGTCGATTTTC,TCCTCTGGCGGAAAGCCTtcctgcgtgaaacctcgtggtgcgctgtatatgttcccgaaaatcgacGTCaaacgctttaacattcacgacgatcagaaaatggGATCttgacagctagctcagtcctaggtataatactagtAGCGTTTGGCGTCGATTTTCgttttagagctagaaatagcaagttaaaataaggctag
135,135_alaA,alaA,ALA,GCC,340.0,THR,ACC,1018,-12,CCC,-,tcctgcgtgaaacctcgtggtgcgctgtatatgttcccgaaaatcgacACCaaacgctttaacattcacgacgatcagaaaatgg,non template / coding strand,AGCGTTTGGCGTCGATTTTC,TCCTCTGGCGGAAAGCCTtcctgcgtgaaacctcgtggtgcgctgtatatgttcccgaaaatcgacACCaaacgctttaacattcacgacgatcagaaaatggGATCttgacagctagctcagtcctaggtataatactagtAGCGTTTGGCGTCGATTTTCgttttagagctagaaatagcaagttaaaataaggctag
136,136_alaA,alaA,ALA,GCC,340.0,VAL,GTG,1018,-12,CCC,-,tcctgcgtgaaacctcgtggtgcgctgtatatgttcccgaaaatcgacGTGaaacgctttaacattcacgacgatcagaaaatgg,non template / coding strand,AGCGTTTGGCGTCGATTTTC,TCCTCTGGCGGAAAGCCTtcctgcgtgaaacctcgtggtgcgctgtatatgttcccgaaaatcgacGTGaaacgctttaacattcacgacgatcagaaaatggGATCttgacagctagctcagtcctaggtataatactagtAGCGTTTGGCGTCGATTTTCgttttagagctagaaatagcaagttaaaataaggctag
137,137_alaA,alaA,LYS,AAA,341.0,ARG,AGA,1021,-15,CCC,-,cctgcgtgaaacctcgtggtgcgctgtatatgttcccgaaaatcgacgccAGAcgctttaacattcacgacgatcagaaaatggt,non template / coding strand,AGCGTTTGGCGTCGATTTTC,TCCTCTGGCGGAAAGCCTcctgcgtgaaacctcgtggtgcgctgtatatgttcccgaaaatcgacgccAGAcgctttaacattcacgacgatcagaaaatggtGATCttgacagctagctcagtcctaggtataatactagtAGCGTTTGGCGTCGATTTTCgttttagagctagaaatagcaagttaaaataaggctag
138,138_alaA,alaA,LYS,AAA,341.0,ARG,AGG,1021,-15,CCC,-,cctgcgtgaaacctcgtggtgcgctgtatatgttcccgaaaatcgacgccAGGcgctttaacattcacgacgatcagaaaatggt,non template / coding strand,AGCGTTTGGCGTCGATTTTC,TCCTCTGGCGGAAAGCCTcctgcgtgaaacctcgtggtgcgctgtatatgttcccgaaaatcgacgccAGGcgctttaacattcacgacgatcagaaaatggtGATCttgacagctagctcagtcctaggtataatactagtAGCGTTTGGCGTCGATTTTCgttttagagctagaaatagcaagttaaaataaggctag
139,139_alaA,alaA,LYS,AAA,341.0,ARG,CGG,1021,-1,CCA,CAA,gaaacctcgtggtgcgctgtatatgttcccgaaaatcgacGCACGGcgctttaacattcacgacgatcagaaaatggtgttggat,non template / coding strand,GTCGTGAATGTTAAAGCGTT,TCCTCTGGCGGAAAGCCTgaaacctcgtggtgcgctgtatatgttcccgaaaatcgacGCACGGcgctttaacattcacgacgatcagaaaatggtgttggatGATCttgacagctagctcagtcctaggtataatactagtGTCGTGAATGTTAAAGCGTTgttttagagctagaaatagcaagttaaaataaggctag
140,140_alaA,alaA,LYS,AAA,341.0,ARG,CGA,1021,-1,CCA,CAA,gaaacctcgtggtgcgctgtatatgttcccgaaaatcgacGCACGAcgctttaacattcacgacgatcagaaaatggtgttggat,non template / coding strand,GTCGTGAATGTTAAAGCGTT,TCCTCTGGCGGAAAGCCTgaaacctcgtggtgcgctgtatatgttcccgaaaatcgacGCACGAcgctttaacattcacgacgatcagaaaatggtgttggatGATCttgacagctagctcagtcctaggtataatactagtGTCGTGAATGTTAAAGCGTTgttttagagctagaaatagcaagttaaaataaggctag
141,141_alaA,alaA,LYS,AAA,341.0,ARG,CGT,1021,-1,CCA,CAA,gaaacctcgtggtgcgctgtatatgttcccgaaaatcgacGCACGTcgctttaacattcacgacgatcagaaaatggtgttggat,non template / coding strand,GTCGTGAATGTTAAAGCGTT,TCCTCTGGCGGAAAGCCTgaaacctcgtggtgcgctgtatatgttcccgaaaatcgacGCACGTcgctttaacattcacgacgatcagaaaatggtgttggatGATCttgacagctagctcagtcctaggtataatactagtGTCGTGAATGTTAAAGCGTTgttttagagctagaaatagcaagttaaaataaggctag
142,142_alaA,alaA,LYS,AAA,341.0,ARG,AGA,1021,-1,CCA,CAA,gaaacctcgtggtgcgctgtatatgttcccgaaaatcgacGCAAGAcgctttaacattcacgacgatcagaaaatggtgttggat,non template / coding strand,GTCGTGAATGTTAAAGCGTT,TCCTCTGGCGGAAAGCCTgaaacctcgtggtgcgctgtatatgttcccgaaaatcgacGCAAGAcgctttaacattcacgacgatcagaaaatggtgttggatGATCttgacagctagctcagtcctaggtataatactagtGTCGTGAATGTTAAAGCGTTgttttagagctagaaatagcaagttaaaataaggctag
143,143_alaA,alaA,LYS,AAA,341.0,ARG,AGG,1021,-1,CCA,CAA,gaaacctcgtggtgcgctgtatatgttcccgaaaatcgacGCAAGGcgctttaacattcacgacgatcagaaaatggtgttggat,non template / coding strand,GTCGTGAATGTTAAAGCGTT,TCCTCTGGCGGAAAGCCTgaaacctcgtggtgcgctgtatatgttcccgaaaatcgacGCAAGGcgctttaacattcacgacgatcagaaaatggtgttggatGATCttgacagctagctcagtcctaggtataatactagtGTCGTGAATGTTAAAGCGTTgttttagagctagaaatagcaagttaaaataaggctag
144,144_alaA,alaA,VAL,GTC,385.0,ILE,ATT,1153,-21,CCG,-,cggcattcaactggccgtggccggatcacttccgcattgtcacgctaccgcgtATTgatgatatcgagctgtctttgagcaagtt,non template / coding strand,CACGCGGTAGCGTGACAATG,TCCTCTGGCGGAAAGCCTcggcattcaactggccgtggccggatcacttccgcattgtcacgctaccgcgtATTgatgatatcgagctgtctttgagcaagttGATCttgacagctagctcagtcctaggtataatactagtCACGCGGTAGCGTGACAATGgttttagagctagaaatagcaagttaaaataaggctag
145,145_alaA,alaA,VAL,GTC,385.0,ILE,ATA,1153,-21,CCG,-,cggcattcaactggccgtggccggatcacttccgcattgtcacgctaccgcgtATAgatgatatcgagctgtctttgagcaagtt,non template / coding strand,CACGCGGTAGCGTGACAATG,TCCTCTGGCGGAAAGCCTcggcattcaactggccgtggccggatcacttccgcattgtcacgctaccgcgtATAgatgatatcgagctgtctttgagcaagttGATCttgacagctagctcagtcctaggtataatactagtCACGCGGTAGCGTGACAATGgttttagagctagaaatagcaagttaaaataaggctag
146,146_alaA,alaA,VAL,GTC,385.0,ILE,ATT,1153,-5,CCG,-,aactggccgtggccggatcacttccgcattgtcacgctaccgcgtATTgatgatatcgagctgtctttgagcaagttcgcgcgtt,non template / coding strand,AGCTCGATATCATCGACACG,TCCTCTGGCGGAAAGCCTaactggccgtggccggatcacttccgcattgtcacgctaccgcgtATTgatgatatcgagctgtctttgagcaagttcgcgcgttGATCttgacagctagctcagtcctaggtataatactagtAGCTCGATATCATCGACACGgttttagagctagaaatagcaagttaaaataaggctag
147,147_alaA,alaA,VAL,GTC,385.0,ILE,ATA,1153,-5,CCG,-,aactggccgtggccggatcacttccgcattgtcacgctaccgcgtATAgatgatatcgagctgtctttgagcaagttcgcgcgtt,non template / coding strand,AGCTCGATATCATCGACACG,TCCTCTGGCGGAAAGCCTaactggccgtggccggatcacttccgcattgtcacgctaccgcgtATAgatgatatcgagctgtctttgagcaagttcgcgcgttGATCttgacagctagctcagtcctaggtataatactagtAGCTCGATATCATCGACACGgttttagagctagaaatagcaagttaaaataaggctag
148,148_alaA,alaA,LEU,CTG,390.0,GLN,CAG,1168,-20,CCG,-,gtggccggatcacttccgcattgtcacgctaccgcgtgtcgatgatatcgagCAGtctttgagcaagttcgcgcgtttcctttct,non template / coding strand,AGCTCGATATCATCGACACG,TCCTCTGGCGGAAAGCCTgtggccggatcacttccgcattgtcacgctaccgcgtgtcgatgatatcgagCAGtctttgagcaagttcgcgcgtttcctttctGATCttgacagctagctcagtcctaggtataatactagtAGCTCGATATCATCGACACGgttttagagctagaaatagcaagttaaaataaggctag
149,149_alaA,alaA,LEU,CTG,390.0,MET,ATG,1168,-20,CCG,-,gtggccggatcacttccgcattgtcacgctaccgcgtgtcgatgatatcgagATGtctttgagcaagttcgcgcgtttcctttct,non template / coding strand,AGCTCGATATCATCGACACG,TCCTCTGGCGGAAAGCCTgtggccggatcacttccgcattgtcacgctaccgcgtgtcgatgatatcgagATGtctttgagcaagttcgcgcgtttcctttctGATCttgacagctagctcagtcctaggtataatactagtAGCTCGATATCATCGACACGgttttagagctagaaatagcaagttaaaataaggctag
150,150_alaA,alaA,LEU,CTG,390.0,GLN,CAG,1168,27,CCT,TCT,cacgctaccgcgtgtcgatgatatcgagCAGtctttgagcaagttcgcgcgtTTTctttctggttatcatcagctgtaatcttaa,non template / coding strand,ACAGCTGATGATAACCAGAA,TCCTCTGGCGGAAAGCCTcacgctaccgcgtgtcgatgatatcgagCAGtctttgagcaagttcgcgcgtTTTctttctggttatcatcagctgtaatcttaaGATCttgacagctagctcagtcctaggtataatactagtACAGCTGATGATAACCAGAAgttttagagctagaaatagcaagttaaaataaggctag
151,151_alaA,alaA,LEU,CTG,390.0,MET,ATG,1168,27,CCT,TCT,cacgctaccgcgtgtcgatgatatcgagATGtctttgagcaagttcgcgcgtTTTctttctggttatcatcagctgtaatcttaa,non template / coding strand,ACAGCTGATGATAACCAGAA,TCCTCTGGCGGAAAGCCTcacgctaccgcgtgtcgatgatatcgagATGtctttgagcaagttcgcgcgtTTTctttctggttatcatcagctgtaatcttaaGATCttgacagctagctcagtcctaggtataatactagtACAGCTGATGATAACCAGAAgttttagagctagaaatagcaagttaaaataaggctag
152,152_alaA,alaA,SER,AGC,393.0,ASN,AAC,1177,-29,CCG,-,ccggatcacttccgcattgtcacgctaccgcgtgtcgatgatatcgagctgtctttgAACaagttcgcgcgtttcctttctggtt,non template / coding strand,AGCTCGATATCATCGACACG,TCCTCTGGCGGAAAGCCTccggatcacttccgcattgtcacgctaccgcgtgtcgatgatatcgagctgtctttgAACaagttcgcgcgtttcctttctggttGATCttgacagctagctcagtcctaggtataatactagtAGCTCGATATCATCGACACGgttttagagctagaaatagcaagttaaaataaggctag
153,153_alaA,alaA,SER,AGC,393.0,ASN,AAC,1177,18,CCT,TCT,ctaccgcgtgtcgatgatatcgagctgtctttgAACaagttcgcgcgtTTTctttctggttatcatcagctgtaatcttaatttc,non template / coding strand,ACAGCTGATGATAACCAGAA,TCCTCTGGCGGAAAGCCTctaccgcgtgtcgatgatatcgagctgtctttgAACaagttcgcgcgtTTTctttctggttatcatcagctgtaatcttaatttcGATCttgacagctagctcagtcctaggtataatactagtACAGCTGATGATAACCAGAAgttttagagctagaaatagcaagttaaaataaggctag
154,154_alaA,alaA,ALA,GCG,396.0,THR,ACA,1186,9,CCT,TCT,gcgtgtcgatgatatcgagctgtctttgagcaagttcACAcgtTTTctttctggttatcatcagctgtaatcttaatttcactgc,non template / coding strand,ACAGCTGATGATAACCAGAA,TCCTCTGGCGGAAAGCCTgcgtgtcgatgatatcgagctgtctttgagcaagttcACAcgtTTTctttctggttatcatcagctgtaatcttaatttcactgcGATCttgacagctagctcagtcctaggtataatactagtACAGCTGATGATAACCAGAAgttttagagctagaaatagcaagttaaaataaggctag
155,155_alaA,alaA,ALA,GCG,396.0,THR,ACT,1186,9,CCT,TCT,gcgtgtcgatgatatcgagctgtctttgagcaagttcACTcgtTTTctttctggttatcatcagctgtaatcttaatttcactgc,non template / coding strand,ACAGCTGATGATAACCAGAA,TCCTCTGGCGGAAAGCCTgcgtgtcgatgatatcgagctgtctttgagcaagttcACTcgtTTTctttctggttatcatcagctgtaatcttaatttcactgcGATCttgacagctagctcagtcctaggtataatactagtACAGCTGATGATAACCAGAAgttttagagctagaaatagcaagttaaaataaggctag
156,156_alaA,alaA,ALA,GCG,396.0,THR,ACC,1186,9,CCT,TCT,gcgtgtcgatgatatcgagctgtctttgagcaagttcACCcgtTTTctttctggttatcatcagctgtaatcttaatttcactgc,non template / coding strand,ACAGCTGATGATAACCAGAA,TCCTCTGGCGGAAAGCCTgcgtgtcgatgatatcgagctgtctttgagcaagttcACCcgtTTTctttctggttatcatcagctgtaatcttaatttcactgcGATCttgacagctagctcagtcctaggtataatactagtACAGCTGATGATAACCAGAAgttttagagctagaaatagcaagttaaaataaggctag
157,157_alaA,alaA,GLY,GGT,401.0,SER,TCT,1201,-6,CCT,-,gatgatatcgagctgtctttgagcaagttcgcgcgtttcctttctTCTtatcatcagctgtaatcttaatttcactgccggagat,non template / coding strand,ACAGCTGATGATAACCAGAA,TCCTCTGGCGGAAAGCCTgatgatatcgagctgtctttgagcaagttcgcgcgtttcctttctTCTtatcatcagctgtaatcttaatttcactgccggagatGATCttgacagctagctcagtcctaggtataatactagtACAGCTGATGATAACCAGAAgttttagagctagaaatagcaagttaaaataaggctag
158,158_alaA,alaA,GLY,GGT,401.0,SER,TCA,1201,-6,CCT,-,gatgatatcgagctgtctttgagcaagttcgcgcgtttcctttctTCAtatcatcagctgtaatcttaatttcactgccggagat,non template / coding strand,ACAGCTGATGATAACCAGAA,TCCTCTGGCGGAAAGCCTgatgatatcgagctgtctttgagcaagttcgcgcgtttcctttctTCAtatcatcagctgtaatcttaatttcactgccggagatGATCttgacagctagctcagtcctaggtataatactagtACAGCTGATGATAACCAGAAgttttagagctagaaatagcaagttaaaataaggctag
159,159_alaA,alaA,GLY,GGT,401.0,SER,TCG,1201,-6,CCT,-,gatgatatcgagctgtctttgagcaagttcgcgcgtttcctttctTCGtatcatcagctgtaatcttaatttcactgccggagat,non template / coding strand,ACAGCTGATGATAACCAGAA,TCCTCTGGCGGAAAGCCTgatgatatcgagctgtctttgagcaagttcgcgcgtttcctttctTCGtatcatcagctgtaatcttaatttcactgccggagatGATCttgacagctagctcagtcctaggtataatactagtACAGCTGATGATAACCAGAAgttttagagctagaaatagcaagttaaaataaggctag
160,160_alaA,alaA,GLY,GGT,401.0,SER,TCC,1201,-6,CCT,-,gatgatatcgagctgtctttgagcaagttcgcgcgtttcctttctTCCtatcatcagctgtaatcttaatttcactgccggagat,non template / coding strand,ACAGCTGATGATAACCAGAA,TCCTCTGGCGGAAAGCCTgatgatatcgagctgtctttgagcaagttcgcgcgtttcctttctTCCtatcatcagctgtaatcttaatttcactgccggagatGATCttgacagctagctcagtcctaggtataatactagtACAGCTGATGATAACCAGAAgttttagagctagaaatagcaagttaaaataaggctag
161,161_alaA,alaA,GLY,GGT,401.0,SER,AGT,1201,-6,CCT,-,gatgatatcgagctgtctttgagcaagttcgcgcgtttcctttctAGTtatcatcagctgtaatcttaatttcactgccggagat,non template / coding strand,ACAGCTGATGATAACCAGAA,TCCTCTGGCGGAAAGCCTgatgatatcgagctgtctttgagcaagttcgcgcgtttcctttctAGTtatcatcagctgtaatcttaatttcactgccggagatGATCttgacagctagctcagtcctaggtataatactagtACAGCTGATGATAACCAGAAgttttagagctagaaatagcaagttaaaataaggctag
162,162_alaA,alaA,GLY,GGT,401.0,SER,AGC,1201,-6,CCT,-,gatgatatcgagctgtctttgagcaagttcgcgcgtttcctttctAGCtatcatcagctgtaatcttaatttcactgccggagat,non template / coding strand,ACAGCTGATGATAACCAGAA,TCCTCTGGCGGAAAGCCTgatgatatcgagctgtctttgagcaagttcgcgcgtttcctttctAGCtatcatcagctgtaatcttaatttcactgccggagatGATCttgacagctagctcagtcctaggtataatactagtACAGCTGATGATAACCAGAAgttttagagctagaaatagcaagttaaaataaggctag
163,163_alaA,alaA,PRO,CCG,45.0,SER,TCA,133,-12,CGG,-,gaagaagaaggtaacaaggtactgaaactgaacatcggcaacccagccTCAttcggttttgacgcgccagatgaaatcctcgttg,template / non coding strand,AGGTACTGAAACTGAACATC,TCCTCTGGCGGAAAGCCTgaagaagaaggtaacaaggtactgaaactgaacatcggcaacccagccTCAttcggttttgacgcgccagatgaaatcctcgttgGATCttgacagctagctcagtcctaggtataatactagtAGGTACTGAAACTGAACATCgttttagagctagaaatagcaagttaaaataaggctag
164,164_alaA,alaA,PRO,CCG,45.0,SER,TCG,133,-12,CGG,-,gaagaagaaggtaacaaggtactgaaactgaacatcggcaacccagccTCGttcggttttgacgcgccagatgaaatcctcgttg,template / non coding strand,AGGTACTGAAACTGAACATC,TCCTCTGGCGGAAAGCCTgaagaagaaggtaacaaggtactgaaactgaacatcggcaacccagccTCGttcggttttgacgcgccagatgaaatcctcgttgGATCttgacagctagctcagtcctaggtataatactagtAGGTACTGAAACTGAACATCgttttagagctagaaatagcaagttaaaataaggctag
165,165_alaA,alaA,PRO,CCG,45.0,SER,TCC,133,-12,CGG,-,gaagaagaaggtaacaaggtactgaaactgaacatcggcaacccagccTCCttcggttttgacgcgccagatgaaatcctcgttg,template / non coding strand,AGGTACTGAAACTGAACATC,TCCTCTGGCGGAAAGCCTgaagaagaaggtaacaaggtactgaaactgaacatcggcaacccagccTCCttcggttttgacgcgccagatgaaatcctcgttgGATCttgacagctagctcagtcctaggtataatactagtAGGTACTGAAACTGAACATCgttttagagctagaaatagcaagttaaaataaggctag
166,166_alaA,alaA,PRO,CCG,45.0,SER,AGT,133,-12,CGG,-,gaagaagaaggtaacaaggtactgaaactgaacatcggcaacccagccAGTttcggttttgacgcgccagatgaaatcctcgttg,template / non coding strand,AGGTACTGAAACTGAACATC,TCCTCTGGCGGAAAGCCTgaagaagaaggtaacaaggtactgaaactgaacatcggcaacccagccAGTttcggttttgacgcgccagatgaaatcctcgttgGATCttgacagctagctcagtcctaggtataatactagtAGGTACTGAAACTGAACATCgttttagagctagaaatagcaagttaaaataaggctag
167,167_alaA,alaA,PRO,CCG,45.0,SER,AGC,133,-12,CGG,-,gaagaagaaggtaacaaggtactgaaactgaacatcggcaacccagccAGCttcggttttgacgcgccagatgaaatcctcgttg,template / non coding strand,AGGTACTGAAACTGAACATC,TCCTCTGGCGGAAAGCCTgaagaagaaggtaacaaggtactgaaactgaacatcggcaacccagccAGCttcggttttgacgcgccagatgaaatcctcgttgGATCttgacagctagctcagtcctaggtataatactagtAGGTACTGAAACTGAACATCgttttagagctagaaatagcaagttaaaataaggctag
168,168_alaA,alaA,PRO,CCG,45.0,SER,TCA,133,-6,CCC,-,gaagaaggtaacaaggtactgaaactgaacatcggcaacccagccTCAttcggttttgacgcgccagatgaaatcctcgttgacg,non template / coding strand,CGTCAAAACCGAACGGGGCT,TCCTCTGGCGGAAAGCCTgaagaaggtaacaaggtactgaaactgaacatcggcaacccagccTCAttcggttttgacgcgccagatgaaatcctcgttgacgGATCttgacagctagctcagtcctaggtataatactagtCGTCAAAACCGAACGGGGCTgttttagagctagaaatagcaagttaaaataaggctag
169,169_alaA,alaA,PRO,CCG,45.0,SER,TCG,133,-6,CCC,-,gaagaaggtaacaaggtactgaaactgaacatcggcaacccagccTCGttcggttttgacgcgccagatgaaatcctcgttgacg,non template / coding strand,CGTCAAAACCGAACGGGGCT,TCCTCTGGCGGAAAGCCTgaagaaggtaacaaggtactgaaactgaacatcggcaacccagccTCGttcggttttgacgcgccagatgaaatcctcgttgacgGATCttgacagctagctcagtcctaggtataatactagtCGTCAAAACCGAACGGGGCTgttttagagctagaaatagcaagttaaaataaggctag
170,170_alaA,alaA,PRO,CCG,45.0,SER,TCC,133,-6,CCC,-,gaagaaggtaacaaggtactgaaactgaacatcggcaacccagccTCCttcggttttgacgcgccagatgaaatcctcgttgacg,non template / coding strand,CGTCAAAACCGAACGGGGCT,TCCTCTGGCGGAAAGCCTgaagaaggtaacaaggtactgaaactgaacatcggcaacccagccTCCttcggttttgacgcgccagatgaaatcctcgttgacgGATCttgacagctagctcagtcctaggtataatactagtCGTCAAAACCGAACGGGGCTgttttagagctagaaatagcaagttaaaataaggctag
171,171_alaA,alaA,PRO,CCG,45.0,SER,AGT,133,-6,CCC,-,gaagaaggtaacaaggtactgaaactgaacatcggcaacccagccAGTttcggttttgacgcgccagatgaaatcctcgttgacg,non template / coding strand,CGTCAAAACCGAACGGGGCT,TCCTCTGGCGGAAAGCCTgaagaaggtaacaaggtactgaaactgaacatcggcaacccagccAGTttcggttttgacgcgccagatgaaatcctcgttgacgGATCttgacagctagctcagtcctaggtataatactagtCGTCAAAACCGAACGGGGCTgttttagagctagaaatagcaagttaaaataaggctag
172,172_alaA,alaA,PRO,CCG,45.0,SER,AGC,133,-6,CCC,-,gaagaaggtaacaaggtactgaaactgaacatcggcaacccagccAGCttcggttttgacgcgccagatgaaatcctcgttgacg,non template / coding strand,CGTCAAAACCGAACGGGGCT,TCCTCTGGCGGAAAGCCTgaagaaggtaacaaggtactgaaactgaacatcggcaacccagccAGCttcggttttgacgcgccagatgaaatcctcgttgacgGATCttgacagctagctcagtcctaggtataatactagtCGTCAAAACCGAACGGGGCTgttttagagctagaaatagcaagttaaaataaggctag
173,173_alaA,alaA,PRO,CCG,45.0,SER,TCA,133,-1,CCC,CAC,agaaggtaacaaggtactgaaactgaacatcggcaacccaGCATCAttcggttttgacgcgccagatgaaatcctcgttgacgtg,non template / coding strand,TGGCGCGTCAAAACCGAACG,TCCTCTGGCGGAAAGCCTagaaggtaacaaggtactgaaactgaacatcggcaacccaGCATCAttcggttttgacgcgccagatgaaatcctcgttgacgtgGATCttgacagctagctcagtcctaggtataatactagtTGGCGCGTCAAAACCGAACGgttttagagctagaaatagcaagttaaaataaggctag
174,174_alaA,alaA,PRO,CCG,45.0,SER,TCG,133,-1,CCC,CAC,agaaggtaacaaggtactgaaactgaacatcggcaacccaGCATCGttcggttttgacgcgccagatgaaatcctcgttgacgtg,non template / coding strand,TGGCGCGTCAAAACCGAACG,TCCTCTGGCGGAAAGCCTagaaggtaacaaggtactgaaactgaacatcggcaacccaGCATCGttcggttttgacgcgccagatgaaatcctcgttgacgtgGATCttgacagctagctcagtcctaggtataatactagtTGGCGCGTCAAAACCGAACGgttttagagctagaaatagcaagttaaaataaggctag
175,175_alaA,alaA,PRO,CCG,45.0,SER,TCC,133,-1,CCC,CAC,agaaggtaacaaggtactgaaactgaacatcggcaacccaGCATCCttcggttttgacgcgccagatgaaatcctcgttgacgtg,non template / coding strand,TGGCGCGTCAAAACCGAACG,TCCTCTGGCGGAAAGCCTagaaggtaacaaggtactgaaactgaacatcggcaacccaGCATCCttcggttttgacgcgccagatgaaatcctcgttgacgtgGATCttgacagctagctcagtcctaggtataatactagtTGGCGCGTCAAAACCGAACGgttttagagctagaaatagcaagttaaaataaggctag
176,176_alaA,alaA,PRO,CCG,45.0,SER,AGT,133,-1,CCC,CAC,agaaggtaacaaggtactgaaactgaacatcggcaacccaGCAAGTttcggttttgacgcgccagatgaaatcctcgttgacgtg,non template / coding strand,TGGCGCGTCAAAACCGAACG,TCCTCTGGCGGAAAGCCTagaaggtaacaaggtactgaaactgaacatcggcaacccaGCAAGTttcggttttgacgcgccagatgaaatcctcgttgacgtgGATCttgacagctagctcagtcctaggtataatactagtTGGCGCGTCAAAACCGAACGgttttagagctagaaatagcaagttaaaataaggctag
177,177_alaA,alaA,PRO,CCG,45.0,SER,AGC,133,-1,CCC,CAC,agaaggtaacaaggtactgaaactgaacatcggcaacccaGCAAGCttcggttttgacgcgccagatgaaatcctcgttgacgtg,non template / coding strand,TGGCGCGTCAAAACCGAACG,TCCTCTGGCGGAAAGCCTagaaggtaacaaggtactgaaactgaacatcggcaacccaGCAAGCttcggttttgacgcgccagatgaaatcctcgttgacgtgGATCttgacagctagctcagtcctaggtataatactagtTGGCGCGTCAAAACCGAACGgttttagagctagaaatagcaagttaaaataaggctag
178,178_alaA,alaA,PRO,CCG,45.0,SER,TCA,133,30,CCT,TCT,ctgaaactgaacatcggcaacccagccTCAttcggttttgacgcgccagatgaaATTctcgttgacgtgatacgcaacctgccta,non template / coding strand,GGTTGCGTATCACGTCAACG,TCCTCTGGCGGAAAGCCTctgaaactgaacatcggcaacccagccTCAttcggttttgacgcgccagatgaaATTctcgttgacgtgatacgcaacctgcctaGATCttgacagctagctcagtcctaggtataatactagtGGTTGCGTATCACGTCAACGgttttagagctagaaatagcaagttaaaataaggctag
179,179_alaA,alaA,PRO,CCG,45.0,SER,TCG,133,30,CCT,TCT,ctgaaactgaacatcggcaacccagccTCGttcggttttgacgcgccagatgaaATTctcgttgacgtgatacgcaacctgccta,non template / coding strand,GGTTGCGTATCACGTCAACG,TCCTCTGGCGGAAAGCCTctgaaactgaacatcggcaacccagccTCGttcggttttgacgcgccagatgaaATTctcgttgacgtgatacgcaacctgcctaGATCttgacagctagctcagtcctaggtataatactagtGGTTGCGTATCACGTCAACGgttttagagctagaaatagcaagttaaaataaggctag
180,180_alaA,alaA,PRO,CCG,45.0,SER,TCC,133,30,CCT,TCT,ctgaaactgaacatcggcaacccagccTCCttcggttttgacgcgccagatgaaATTctcgttgacgtgatacgcaacctgccta,non template / coding strand,GGTTGCGTATCACGTCAACG,TCCTCTGGCGGAAAGCCTctgaaactgaacatcggcaacccagccTCCttcggttttgacgcgccagatgaaATTctcgttgacgtgatacgcaacctgcctaGATCttgacagctagctcagtcctaggtataatactagtGGTTGCGTATCACGTCAACGgttttagagctagaaatagcaagttaaaataaggctag
181,181_alaA,alaA,PRO,CCG,45.0,SER,AGT,133,30,CCT,TCT,ctgaaactgaacatcggcaacccagccAGTttcggttttgacgcgccagatgaaATTctcgttgacgtgatacgcaacctgccta,non template / coding strand,GGTTGCGTATCACGTCAACG,TCCTCTGGCGGAAAGCCTctgaaactgaacatcggcaacccagccAGTttcggttttgacgcgccagatgaaATTctcgttgacgtgatacgcaacctgcctaGATCttgacagctagctcagtcctaggtataatactagtGGTTGCGTATCACGTCAACGgttttagagctagaaatagcaagttaaaataaggctag
182,182_alaA,alaA,PRO,CCG,45.0,SER,AGC,133,30,CCT,TCT,ctgaaactgaacatcggcaacccagccAGCttcggttttgacgcgccagatgaaATTctcgttgacgtgatacgcaacctgccta,non template / coding strand,GGTTGCGTATCACGTCAACG,TCCTCTGGCGGAAAGCCTctgaaactgaacatcggcaacccagccAGCttcggttttgacgcgccagatgaaATTctcgttgacgtgatacgcaacctgcctaGATCttgacagctagctcagtcctaggtataatactagtGGTTGCGTATCACGTCAACGgttttagagctagaaatagcaagttaaaataaggctag
183,183_alaA,alaA,ASP,GAC,49.0,GLU,GAA,145,-24,CGG,-,gaaggtaacaaggtactgaaactgaacatcggcaacccagccccgttcggttttGAAgcgccagatgaaatcctcgttgacgtga,template / non coding strand,AGGTACTGAAACTGAACATC,TCCTCTGGCGGAAAGCCTgaaggtaacaaggtactgaaactgaacatcggcaacccagccccgttcggttttGAAgcgccagatgaaatcctcgttgacgtgaGATCttgacagctagctcagtcctaggtataatactagtAGGTACTGAAACTGAACATCgttttagagctagaaatagcaagttaaaataaggctag
184,184_alaA,alaA,ASP,GAC,49.0,GLU,GAA,145,-6,CGG,-,aaggtactgaaactgaacatcggcaacccagccccgttcggttttGAAgcgccagatgaaatcctcgttgacgtgatacgcaacc,template / non coding strand,TCGGCAACCCAGCCCCGTTC,TCCTCTGGCGGAAAGCCTaaggtactgaaactgaacatcggcaacccagccccgttcggttttGAAgcgccagatgaaatcctcgttgacgtgatacgcaaccGATCttgacagctagctcagtcctaggtataatactagtTCGGCAACCCAGCCCCGTTCgttttagagctagaaatagcaagttaaaataaggctag
185,185_alaA,alaA,ASP,GAC,49.0,GLU,GAA,145,-18,CCC,-,ggtaacaaggtactgaaactgaacatcggcaacccagccccgttcggttttGAAgcgccagatgaaatcctcgttgacgtgatac,non template / coding strand,CGTCAAAACCGAACGGGGCT,TCCTCTGGCGGAAAGCCTggtaacaaggtactgaaactgaacatcggcaacccagccccgttcggttttGAAgcgccagatgaaatcctcgttgacgtgatacGATCttgacagctagctcagtcctaggtataatactagtCGTCAAAACCGAACGGGGCTgttttagagctagaaatagcaagttaaaataaggctag
186,186_alaA,alaA,ASP,GAC,49.0,GLU,GAA,145,-13,CCC,CAC,taacaaggtactgaaactgaacatcggcaacccaGCAccgttcggttttGAAgcgccagatgaaatcctcgttgacgtgatacgc,non template / coding strand,TGGCGCGTCAAAACCGAACG,TCCTCTGGCGGAAAGCCTtaacaaggtactgaaactgaacatcggcaacccaGCAccgttcggttttGAAgcgccagatgaaatcctcgttgacgtgatacgcGATCttgacagctagctcagtcctaggtataatactagtTGGCGCGTCAAAACCGAACGgttttagagctagaaatagcaagttaaaataaggctag
187,187_alaA,alaA,ASP,GAC,49.0,GLU,GAA,145,18,CCT,TCT,ctgaacatcggcaacccagccccgttcggttttGAAgcgccagatgaaATTctcgttgacgtgatacgcaacctgcctaccgctc,non template / coding strand,GGTTGCGTATCACGTCAACG,TCCTCTGGCGGAAAGCCTctgaacatcggcaacccagccccgttcggttttGAAgcgccagatgaaATTctcgttgacgtgatacgcaacctgcctaccgctcGATCttgacagctagctcagtcctaggtataatactagtGGTTGCGTATCACGTCAACGgttttagagctagaaatagcaagttaaaataaggctag
188,188_alaA,alaA,GLU,GAA,53.0,ASP,GAT,157,-18,CGG,-,ctgaaactgaacatcggcaacccagccccgttcggttttgacgcgccagatGATatcctcgttgacgtgatacgcaacctgccta,template / non coding strand,TCGGCAACCCAGCCCCGTTC,TCCTCTGGCGGAAAGCCTctgaaactgaacatcggcaacccagccccgttcggttttgacgcgccagatGATatcctcgttgacgtgatacgcaacctgcctaGATCttgacagctagctcagtcctaggtataatactagtTCGGCAACCCAGCCCCGTTCgttttagagctagaaatagcaagttaaaataaggctag
189,189_alaA,alaA,GLU,GAA,53.0,ASP,GAC,157,-18,CGG,-,ctgaaactgaacatcggcaacccagccccgttcggttttgacgcgccagatGACatcctcgttgacgtgatacgcaacctgccta,template / non coding strand,TCGGCAACCCAGCCCCGTTC,TCCTCTGGCGGAAAGCCTctgaaactgaacatcggcaacccagccccgttcggttttgacgcgccagatGACatcctcgttgacgtgatacgcaacctgcctaGATCttgacagctagctcagtcctaggtataatactagtTCGGCAACCCAGCCCCGTTCgttttagagctagaaatagcaagttaaaataaggctag
190,190_alaA,alaA,GLU,GAA,53.0,ASP,GAT,157,-29,CCA,-,aaggtactgaaactgaacatcggcaacccagccccgttcggttttgacgcgccagatGATatcctcgttgacgtgatacgcaacc,non template / coding strand,GCGTCAAAACCGAACGGGGC,TCCTCTGGCGGAAAGCCTaaggtactgaaactgaacatcggcaacccagccccgttcggttttgacgcgccagatGATatcctcgttgacgtgatacgcaaccGATCttgacagctagctcagtcctaggtataatactagtGCGTCAAAACCGAACGGGGCgttttagagctagaaatagcaagttaaaataaggctag
191,191_alaA,alaA,GLU,GAA,53.0,ASP,GAC,157,-29,CCA,-,aaggtactgaaactgaacatcggcaacccagccccgttcggttttgacgcgccagatGACatcctcgttgacgtgatacgcaacc,non template / coding strand,GCGTCAAAACCGAACGGGGC,TCCTCTGGCGGAAAGCCTaaggtactgaaactgaacatcggcaacccagccccgttcggttttgacgcgccagatGACatcctcgttgacgtgatacgcaaccGATCttgacagctagctcagtcctaggtataatactagtGCGTCAAAACCGAACGGGGCgttttagagctagaaatagcaagttaaaataaggctag
192,192_alaA,alaA,GLU,GAA,53.0,ASP,GAT,157,-25,CCC,CAC,ggtactgaaactgaacatcggcaacccaGCAccgttcggttttgacgcgccagatGATatcctcgttgacgtgatacgcaacctg,non template / coding strand,TGGCGCGTCAAAACCGAACG,TCCTCTGGCGGAAAGCCTggtactgaaactgaacatcggcaacccaGCAccgttcggttttgacgcgccagatGATatcctcgttgacgtgatacgcaacctgGATCttgacagctagctcagtcctaggtataatactagtTGGCGCGTCAAAACCGAACGgttttagagctagaaatagcaagttaaaataaggctag
193,193_alaA,alaA,GLU,GAA,53.0,ASP,GAC,157,-25,CCC,CAC,ggtactgaaactgaacatcggcaacccaGCAccgttcggttttgacgcgccagatGACatcctcgttgacgtgatacgcaacctg,non template / coding strand,TGGCGCGTCAAAACCGAACG,TCCTCTGGCGGAAAGCCTggtactgaaactgaacatcggcaacccaGCAccgttcggttttgacgcgccagatGACatcctcgttgacgtgatacgcaacctgGATCttgacagctagctcagtcctaggtataatactagtTGGCGCGTCAAAACCGAACGgttttagagctagaaatagcaagttaaaataaggctag
194,194_alaA,alaA,GLU,GAA,53.0,ASP,GAT,157,-5,CCA,-,ctgaacatcggcaacccagccccgttcggttttgacgcgccagatGATatcctcgttgacgtgatacgcaacctgcctaccgctc,non template / coding strand,ACGTCAACGAGGATTTCATC,TCCTCTGGCGGAAAGCCTctgaacatcggcaacccagccccgttcggttttgacgcgccagatGATatcctcgttgacgtgatacgcaacctgcctaccgctcGATCttgacagctagctcagtcctaggtataatactagtACGTCAACGAGGATTTCATCgttttagagctagaaatagcaagttaaaataaggctag
195,195_alaA,alaA,GLU,GAA,53.0,ASP,GAC,157,-5,CCA,-,ctgaacatcggcaacccagccccgttcggttttgacgcgccagatGACatcctcgttgacgtgatacgcaacctgcctaccgctc,non template / coding strand,ACGTCAACGAGGATTTCATC,TCCTCTGGCGGAAAGCCTctgaacatcggcaacccagccccgttcggttttgacgcgccagatGACatcctcgttgacgtgatacgcaacctgcctaccgctcGATCttgacagctagctcagtcctaggtataatactagtACGTCAACGAGGATTTCATCgttttagagctagaaatagcaagttaaaataaggctag
196,196_alaA,alaA,GLU,GAA,53.0,ASP,GAT,157,6,CCT,TCT,atcggcaacccagccccgttcggttttgacgcgccagatGATATTctcgttgacgtgatacgcaacctgcctaccgctcaagggt,non template / coding strand,GGTTGCGTATCACGTCAACG,TCCTCTGGCGGAAAGCCTatcggcaacccagccccgttcggttttgacgcgccagatGATATTctcgttgacgtgatacgcaacctgcctaccgctcaagggtGATCttgacagctagctcagtcctaggtataatactagtGGTTGCGTATCACGTCAACGgttttagagctagaaatagcaagttaaaataaggctag
197,197_alaA,alaA,GLU,GAA,53.0,ASP,GAC,157,6,CCT,TCT,atcggcaacccagccccgttcggttttgacgcgccagatGACATTctcgttgacgtgatacgcaacctgcctaccgctcaagggt,non template / coding strand,GGTTGCGTATCACGTCAACG,TCCTCTGGCGGAAAGCCTatcggcaacccagccccgttcggttttgacgcgccagatGACATTctcgttgacgtgatacgcaacctgcctaccgctcaagggtGATCttgacagctagctcagtcctaggtataatactagtGGTTGCGTATCACGTCAACGgttttagagctagaaatagcaagttaaaataaggctag
198,198_alaA,alaA,GLU,GAA,53.0,ASP,GAT,157,27,CCT,TCT,agccccgttcggttttgacgcgccagatGATatcctcgttgacgtgatacgcAATctgcctaccgctcaagggtattgcgattcc,non template / coding strand,AATACCCTTGAGCGGTAGGC,TCCTCTGGCGGAAAGCCTagccccgttcggttttgacgcgccagatGATatcctcgttgacgtgatacgcAATctgcctaccgctcaagggtattgcgattccGATCttgacagctagctcagtcctaggtataatactagtAATACCCTTGAGCGGTAGGCgttttagagctagaaatagcaagttaaaataaggctag
199,199_alaA,alaA,GLU,GAA,53.0,ASP,GAC,157,27,CCT,TCT,agccccgttcggttttgacgcgccagatGACatcctcgttgacgtgatacgcAATctgcctaccgctcaagggtattgcgattcc,non template / coding strand,AATACCCTTGAGCGGTAGGC,TCCTCTGGCGGAAAGCCTagccccgttcggttttgacgcgccagatGACatcctcgttgacgtgatacgcAATctgcctaccgctcaagggtattgcgattccGATCttgacagctagctcagtcctaggtataatactagtAATACCCTTGAGCGGTAGGCgttttagagctagaaatagcaagttaaaataaggctag
200,200_alaA,alaA,ILE,ATC,54.0,VAL,GTT,160,-21,CGG,-,tgaaactgaacatcggcaacccagccccgttcggttttgacgcgccagatgaaGTTctcgttgacgtgatacgcaacctgcctac,template / non coding strand,TCGGCAACCCAGCCCCGTTC,TCCTCTGGCGGAAAGCCTtgaaactgaacatcggcaacccagccccgttcggttttgacgcgccagatgaaGTTctcgttgacgtgatacgcaacctgcctacGATCttgacagctagctcagtcctaggtataatactagtTCGGCAACCCAGCCCCGTTCgttttagagctagaaatagcaagttaaaataaggctag
201,201_alaA,alaA,ILE,ATC,54.0,VAL,GTG,160,-21,CGG,-,tgaaactgaacatcggcaacccagccccgttcggttttgacgcgccagatgaaGTGctcgttgacgtgatacgcaacctgcctac,template / non coding strand,TCGGCAACCCAGCCCCGTTC,TCCTCTGGCGGAAAGCCTtgaaactgaacatcggcaacccagccccgttcggttttgacgcgccagatgaaGTGctcgttgacgtgatacgcaacctgcctacGATCttgacagctagctcagtcctaggtataatactagtTCGGCAACCCAGCCCCGTTCgttttagagctagaaatagcaagttaaaataaggctag
202,202_alaA,alaA,ILE,ATC,54.0,VAL,GTT,160,-28,CCC,CAC,tactgaaactgaacatcggcaacccaGCAccgttcggttttgacgcgccagatgaaGTTctcgttgacgtgatacgcaacctgcc,non template / coding strand,TGGCGCGTCAAAACCGAACG,TCCTCTGGCGGAAAGCCTtactgaaactgaacatcggcaacccaGCAccgttcggttttgacgcgccagatgaaGTTctcgttgacgtgatacgcaacctgccGATCttgacagctagctcagtcctaggtataatactagtTGGCGCGTCAAAACCGAACGgttttagagctagaaatagcaagttaaaataaggctag
203,203_alaA,alaA,ILE,ATC,54.0,VAL,GTC,160,-28,CCC,CAC,tactgaaactgaacatcggcaacccaGCAccgttcggttttgacgcgccagatgaaGTCctcgttgacgtgatacgcaacctgcc,non template / coding strand,TGGCGCGTCAAAACCGAACG,TCCTCTGGCGGAAAGCCTtactgaaactgaacatcggcaacccaGCAccgttcggttttgacgcgccagatgaaGTCctcgttgacgtgatacgcaacctgccGATCttgacagctagctcagtcctaggtataatactagtTGGCGCGTCAAAACCGAACGgttttagagctagaaatagcaagttaaaataaggctag
204,204_alaA,alaA,ILE,ATC,54.0,VAL,GTG,160,-28,CCC,CAC,tactgaaactgaacatcggcaacccaGCAccgttcggttttgacgcgccagatgaaGTGctcgttgacgtgatacgcaacctgcc,non template / coding strand,TGGCGCGTCAAAACCGAACG,TCCTCTGGCGGAAAGCCTtactgaaactgaacatcggcaacccaGCAccgttcggttttgacgcgccagatgaaGTGctcgttgacgtgatacgcaacctgccGATCttgacagctagctcagtcctaggtataatactagtTGGCGCGTCAAAACCGAACGgttttagagctagaaatagcaagttaaaataaggctag
205,205_alaA,alaA,ILE,ATC,54.0,VAL,GTT,160,-8,CCA,-,gaacatcggcaacccagccccgttcggttttgacgcgccagatgaaGTTctcgttgacgtgatacgcaacctgcctaccgctcaa,non template / coding strand,ACGTCAACGAGGATTTCATC,TCCTCTGGCGGAAAGCCTgaacatcggcaacccagccccgttcggttttgacgcgccagatgaaGTTctcgttgacgtgatacgcaacctgcctaccgctcaaGATCttgacagctagctcagtcctaggtataatactagtACGTCAACGAGGATTTCATCgttttagagctagaaatagcaagttaaaataaggctag
206,206_alaA,alaA,ILE,ATC,54.0,VAL,GTG,160,-8,CCA,-,gaacatcggcaacccagccccgttcggttttgacgcgccagatgaaGTGctcgttgacgtgatacgcaacctgcctaccgctcaa,non template / coding strand,ACGTCAACGAGGATTTCATC,TCCTCTGGCGGAAAGCCTgaacatcggcaacccagccccgttcggttttgacgcgccagatgaaGTGctcgttgacgtgatacgcaacctgcctaccgctcaaGATCttgacagctagctcagtcctaggtataatactagtACGTCAACGAGGATTTCATCgttttagagctagaaatagcaagttaaaataaggctag
207,207_alaA,alaA,ILE,ATC,54.0,VAL,GTT,160,24,CCT,TCT,gccccgttcggttttgacgcgccagatgaaGTTctcgttgacgtgatacgcAATctgcctaccgctcaagggtattgcgattcca,non template / coding strand,AATACCCTTGAGCGGTAGGC,TCCTCTGGCGGAAAGCCTgccccgttcggttttgacgcgccagatgaaGTTctcgttgacgtgatacgcAATctgcctaccgctcaagggtattgcgattccaGATCttgacagctagctcagtcctaggtataatactagtAATACCCTTGAGCGGTAGGCgttttagagctagaaatagcaagttaaaataaggctag
208,208_alaA,alaA,ILE,ATC,54.0,VAL,GTC,160,24,CCT,TCT,gccccgttcggttttgacgcgccagatgaaGTCctcgttgacgtgatacgcAATctgcctaccgctcaagggtattgcgattcca,non template / coding strand,AATACCCTTGAGCGGTAGGC,TCCTCTGGCGGAAAGCCTgccccgttcggttttgacgcgccagatgaaGTCctcgttgacgtgatacgcAATctgcctaccgctcaagggtattgcgattccaGATCttgacagctagctcagtcctaggtataatactagtAATACCCTTGAGCGGTAGGCgttttagagctagaaatagcaagttaaaataaggctag
209,209_alaA,alaA,ILE,ATC,54.0,VAL,GTG,160,24,CCT,TCT,gccccgttcggttttgacgcgccagatgaaGTGctcgttgacgtgatacgcAATctgcctaccgctcaagggtattgcgattcca,non template / coding strand,AATACCCTTGAGCGGTAGGC,TCCTCTGGCGGAAAGCCTgccccgttcggttttgacgcgccagatgaaGTGctcgttgacgtgatacgcAATctgcctaccgctcaagggtattgcgattccaGATCttgacagctagctcagtcctaggtataatactagtAATACCCTTGAGCGGTAGGCgttttagagctagaaatagcaagttaaaataaggctag
210,210_alaA,alaA,VAL,GTT,56.0,ILE,ATT,166,-27,CGG,-,aactgaacatcggcaacccagccccgttcggttttgacgcgccagatgaaatcctcATTgacgtgatacgcaacctgcctaccgc,template / non coding strand,TCGGCAACCCAGCCCCGTTC,TCCTCTGGCGGAAAGCCTaactgaacatcggcaacccagccccgttcggttttgacgcgccagatgaaatcctcATTgacgtgatacgcaacctgcctaccgcGATCttgacagctagctcagtcctaggtataatactagtTCGGCAACCCAGCCCCGTTCgttttagagctagaaatagcaagttaaaataaggctag
211,211_alaA,alaA,VAL,GTT,56.0,ILE,ATA,166,-27,CGG,-,aactgaacatcggcaacccagccccgttcggttttgacgcgccagatgaaatcctcATAgacgtgatacgcaacctgcctaccgc,template / non coding strand,TCGGCAACCCAGCCCCGTTC,TCCTCTGGCGGAAAGCCTaactgaacatcggcaacccagccccgttcggttttgacgcgccagatgaaatcctcATAgacgtgatacgcaacctgcctaccgcGATCttgacagctagctcagtcctaggtataatactagtTCGGCAACCCAGCCCCGTTCgttttagagctagaaatagcaagttaaaataaggctag
212,212_alaA,alaA,VAL,GTT,56.0,ILE,ATT,166,-14,CCA,-,catcggcaacccagccccgttcggttttgacgcgccagatgaaatcctcATTgacgtgatacgcaacctgcctaccgctcaaggg,non template / coding strand,ACGTCAACGAGGATTTCATC,TCCTCTGGCGGAAAGCCTcatcggcaacccagccccgttcggttttgacgcgccagatgaaatcctcATTgacgtgatacgcaacctgcctaccgctcaagggGATCttgacagctagctcagtcctaggtataatactagtACGTCAACGAGGATTTCATCgttttagagctagaaatagcaagttaaaataaggctag
213,213_alaA,alaA,VAL,GTT,56.0,ILE,ATA,166,-14,CCA,-,catcggcaacccagccccgttcggttttgacgcgccagatgaaatcctcATAgacgtgatacgcaacctgcctaccgctcaaggg,non template / coding strand,ACGTCAACGAGGATTTCATC,TCCTCTGGCGGAAAGCCTcatcggcaacccagccccgttcggttttgacgcgccagatgaaatcctcATAgacgtgatacgcaacctgcctaccgctcaagggGATCttgacagctagctcagtcctaggtataatactagtACGTCAACGAGGATTTCATCgttttagagctagaaatagcaagttaaaataaggctag
214,214_alaA,alaA,VAL,GTT,56.0,ILE,ATT,166,-3,CCT,-,gcaacccagccccgttcggttttgacgcgccagatgaaatcctcATTgacgtgatacgcaacctgcctaccgctcaagggtattg,non template / coding strand,GGTTGCGTATCACGTCAACG,TCCTCTGGCGGAAAGCCTgcaacccagccccgttcggttttgacgcgccagatgaaatcctcATTgacgtgatacgcaacctgcctaccgctcaagggtattgGATCttgacagctagctcagtcctaggtataatactagtGGTTGCGTATCACGTCAACGgttttagagctagaaatagcaagttaaaataaggctag
215,215_alaA,alaA,VAL,GTT,56.0,ILE,ATA,166,-3,CCT,-,gcaacccagccccgttcggttttgacgcgccagatgaaatcctcATAgacgtgatacgcaacctgcctaccgctcaagggtattg,non template / coding strand,GGTTGCGTATCACGTCAACG,TCCTCTGGCGGAAAGCCTgcaacccagccccgttcggttttgacgcgccagatgaaatcctcATAgacgtgatacgcaacctgcctaccgctcaagggtattgGATCttgacagctagctcagtcctaggtataatactagtGGTTGCGTATCACGTCAACGgttttagagctagaaatagcaagttaaaataaggctag
216,216_alaA,alaA,VAL,GTT,56.0,ILE,ATT,166,18,CCT,TCT,ccgttcggttttgacgcgccagatgaaatcctcATTgacgtgatacgcAATctgcctaccgctcaagggtattgcgattccaaag,non template / coding strand,AATACCCTTGAGCGGTAGGC,TCCTCTGGCGGAAAGCCTccgttcggttttgacgcgccagatgaaatcctcATTgacgtgatacgcAATctgcctaccgctcaagggtattgcgattccaaagGATCttgacagctagctcagtcctaggtataatactagtAATACCCTTGAGCGGTAGGCgttttagagctagaaatagcaagttaaaataaggctag
217,217_alaA,alaA,VAL,GTT,56.0,ILE,ATA,166,18,CCT,TCT,ccgttcggttttgacgcgccagatgaaatcctcATAgacgtgatacgcAATctgcctaccgctcaagggtattgcgattccaaag,non template / coding strand,AATACCCTTGAGCGGTAGGC,TCCTCTGGCGGAAAGCCTccgttcggttttgacgcgccagatgaaatcctcATAgacgtgatacgcAATctgcctaccgctcaagggtattgcgattccaaagGATCttgacagctagctcagtcctaggtataatactagtAATACCCTTGAGCGGTAGGCgttttagagctagaaatagcaagttaaaataaggctag
218,218_alaA,alaA,ARG,CGC,60.0,HIS,CAT,178,-26,CCA,-,caacccagccccgttcggttttgacgcgccagatgaaatcctcgttgacgtgataCATaacctgcctaccgctcaagggtattgc,non template / coding strand,ACGTCAACGAGGATTTCATC,TCCTCTGGCGGAAAGCCTcaacccagccccgttcggttttgacgcgccagatgaaatcctcgttgacgtgataCATaacctgcctaccgctcaagggtattgcGATCttgacagctagctcagtcctaggtataatactagtACGTCAACGAGGATTTCATCgttttagagctagaaatagcaagttaaaataaggctag
219,219_alaA,alaA,ARG,CGC,60.0,HIS,CAT,178,-15,CCT,-,cagccccgttcggttttgacgcgccagatgaaatcctcgttgacgtgataCATaacctgcctaccgctcaagggtattgcgattc,non template / coding strand,GGTTGCGTATCACGTCAACG,TCCTCTGGCGGAAAGCCTcagccccgttcggttttgacgcgccagatgaaatcctcgttgacgtgataCATaacctgcctaccgctcaagggtattgcgattcGATCttgacagctagctcagtcctaggtataatactagtGGTTGCGTATCACGTCAACGgttttagagctagaaatagcaagttaaaataaggctag
220,220_alaA,alaA,ARG,CGC,60.0,HIS,CAT,178,6,CCT,TCT,ggttttgacgcgccagatgaaatcctcgttgacgtgataCATAATctgcctaccgctcaagggtattgcgattccaaaggtcttt,non template / coding strand,AATACCCTTGAGCGGTAGGC,TCCTCTGGCGGAAAGCCTggttttgacgcgccagatgaaatcctcgttgacgtgataCATAATctgcctaccgctcaagggtattgcgattccaaaggtctttGATCttgacagctagctcagtcctaggtataatactagtAATACCCTTGAGCGGTAGGCgttttagagctagaaatagcaagttaaaataaggctag
221,221_alaA,alaA,ALA,GCT,65.0,SER,TCT,193,-9,CCT,CTT,acgcgccagatgaaatcctcgttgacgtgatacgcaacTTGcctaccTCTcaagggtattgcgattccaaaggtctttactccgc,non template / coding strand,AATACCCTTGAGCGGTAGGC,TCCTCTGGCGGAAAGCCTacgcgccagatgaaatcctcgttgacgtgatacgcaacTTGcctaccTCTcaagggtattgcgattccaaaggtctttactccgcGATCttgacagctagctcagtcctaggtataatactagtAATACCCTTGAGCGGTAGGCgttttagagctagaaatagcaagttaaaataaggctag
222,222_alaA,alaA,ALA,GCT,65.0,SER,TCA,193,-9,CCT,CTT,acgcgccagatgaaatcctcgttgacgtgatacgcaacTTGcctaccTCAcaagggtattgcgattccaaaggtctttactccgc,non template / coding strand,AATACCCTTGAGCGGTAGGC,TCCTCTGGCGGAAAGCCTacgcgccagatgaaatcctcgttgacgtgatacgcaacTTGcctaccTCAcaagggtattgcgattccaaaggtctttactccgcGATCttgacagctagctcagtcctaggtataatactagtAATACCCTTGAGCGGTAGGCgttttagagctagaaatagcaagttaaaataaggctag
223,223_alaA,alaA,ALA,GCT,65.0,SER,TCG,193,-9,CCT,CTT,acgcgccagatgaaatcctcgttgacgtgatacgcaacTTGcctaccTCGcaagggtattgcgattccaaaggtctttactccgc,non template / coding strand,AATACCCTTGAGCGGTAGGC,TCCTCTGGCGGAAAGCCTacgcgccagatgaaatcctcgttgacgtgatacgcaacTTGcctaccTCGcaagggtattgcgattccaaaggtctttactccgcGATCttgacagctagctcagtcctaggtataatactagtAATACCCTTGAGCGGTAGGCgttttagagctagaaatagcaagttaaaataaggctag
224,224_alaA,alaA,ALA,GCT,65.0,SER,TCC,193,-9,CCT,CTT,acgcgccagatgaaatcctcgttgacgtgatacgcaacTTGcctaccTCCcaagggtattgcgattccaaaggtctttactccgc,non template / coding strand,AATACCCTTGAGCGGTAGGC,TCCTCTGGCGGAAAGCCTacgcgccagatgaaatcctcgttgacgtgatacgcaacTTGcctaccTCCcaagggtattgcgattccaaaggtctttactccgcGATCttgacagctagctcagtcctaggtataatactagtAATACCCTTGAGCGGTAGGCgttttagagctagaaatagcaagttaaaataaggctag
225,225_alaA,alaA,ALA,GCT,65.0,SER,AGT,193,-9,CCT,CTT,acgcgccagatgaaatcctcgttgacgtgatacgcaacTTGcctaccAGTcaagggtattgcgattccaaaggtctttactccgc,non template / coding strand,AATACCCTTGAGCGGTAGGC,TCCTCTGGCGGAAAGCCTacgcgccagatgaaatcctcgttgacgtgatacgcaacTTGcctaccAGTcaagggtattgcgattccaaaggtctttactccgcGATCttgacagctagctcagtcctaggtataatactagtAATACCCTTGAGCGGTAGGCgttttagagctagaaatagcaagttaaaataaggctag
226,226_alaA,alaA,ALA,GCT,65.0,SER,AGC,193,-9,CCT,CTT,acgcgccagatgaaatcctcgttgacgtgatacgcaacTTGcctaccAGCcaagggtattgcgattccaaaggtctttactccgc,non template / coding strand,AATACCCTTGAGCGGTAGGC,TCCTCTGGCGGAAAGCCTacgcgccagatgaaatcctcgttgacgtgatacgcaacTTGcctaccAGCcaagggtattgcgattccaaaggtctttactccgcGATCttgacagctagctcagtcctaggtataatactagtAATACCCTTGAGCGGTAGGCgttttagagctagaaatagcaagttaaaataaggctag
227,227_alaA,alaA,ALA,GCT,65.0,SER,TCT,193,-5,CCT,-,gcgccagatgaaatcctcgttgacgtgatacgcaacctgcctaccTCTcaagggtattgcgattccaaaggtctttactccgcgc,non template / coding strand,TCGCAATACCCTTGAGCGGT,TCCTCTGGCGGAAAGCCTgcgccagatgaaatcctcgttgacgtgatacgcaacctgcctaccTCTcaagggtattgcgattccaaaggtctttactccgcgcGATCttgacagctagctcagtcctaggtataatactagtTCGCAATACCCTTGAGCGGTgttttagagctagaaatagcaagttaaaataaggctag
228,228_alaA,alaA,ALA,GCT,65.0,SER,TCA,193,-5,CCT,-,gcgccagatgaaatcctcgttgacgtgatacgcaacctgcctaccTCAcaagggtattgcgattccaaaggtctttactccgcgc,non template / coding strand,TCGCAATACCCTTGAGCGGT,TCCTCTGGCGGAAAGCCTgcgccagatgaaatcctcgttgacgtgatacgcaacctgcctaccTCAcaagggtattgcgattccaaaggtctttactccgcgcGATCttgacagctagctcagtcctaggtataatactagtTCGCAATACCCTTGAGCGGTgttttagagctagaaatagcaagttaaaataaggctag
229,229_alaA,alaA,ALA,GCT,65.0,SER,TCG,193,-5,CCT,-,gcgccagatgaaatcctcgttgacgtgatacgcaacctgcctaccTCGcaagggtattgcgattccaaaggtctttactccgcgc,non template / coding strand,TCGCAATACCCTTGAGCGGT,TCCTCTGGCGGAAAGCCTgcgccagatgaaatcctcgttgacgtgatacgcaacctgcctaccTCGcaagggtattgcgattccaaaggtctttactccgcgcGATCttgacagctagctcagtcctaggtataatactagtTCGCAATACCCTTGAGCGGTgttttagagctagaaatagcaagttaaaataaggctag
230,230_alaA,alaA,ALA,GCT,65.0,SER,AGT,193,-5,CCT,-,gcgccagatgaaatcctcgttgacgtgatacgcaacctgcctaccAGTcaagggtattgcgattccaaaggtctttactccgcgc,non template / coding strand,TCGCAATACCCTTGAGCGGT,TCCTCTGGCGGAAAGCCTgcgccagatgaaatcctcgttgacgtgatacgcaacctgcctaccAGTcaagggtattgcgattccaaaggtctttactccgcgcGATCttgacagctagctcagtcctaggtataatactagtTCGCAATACCCTTGAGCGGTgttttagagctagaaatagcaagttaaaataaggctag
231,231_alaA,alaA,ALA,GCT,65.0,SER,TCT,193,-1,CCG,CTG,gccagatgaaatcctcgttgacgtgatacgcaacctgcctACTTCTcaagggtattgcgattccaaaggtctttactccgcgcgt,non template / coding strand,GGAATCGCAATACCCTTGAG,TCCTCTGGCGGAAAGCCTgccagatgaaatcctcgttgacgtgatacgcaacctgcctACTTCTcaagggtattgcgattccaaaggtctttactccgcgcgtGATCttgacagctagctcagtcctaggtataatactagtGGAATCGCAATACCCTTGAGgttttagagctagaaatagcaagttaaaataaggctag
232,232_alaA,alaA,ALA,GCT,65.0,SER,TCA,193,-1,CCG,CTG,gccagatgaaatcctcgttgacgtgatacgcaacctgcctACTTCAcaagggtattgcgattccaaaggtctttactccgcgcgt,non template / coding strand,GGAATCGCAATACCCTTGAG,TCCTCTGGCGGAAAGCCTgccagatgaaatcctcgttgacgtgatacgcaacctgcctACTTCAcaagggtattgcgattccaaaggtctttactccgcgcgtGATCttgacagctagctcagtcctaggtataatactagtGGAATCGCAATACCCTTGAGgttttagagctagaaatagcaagttaaaataaggctag
233,233_alaA,alaA,ALA,GCT,65.0,SER,TCG,193,-1,CCG,CTG,gccagatgaaatcctcgttgacgtgatacgcaacctgcctACTTCGcaagggtattgcgattccaaaggtctttactccgcgcgt,non template / coding strand,GGAATCGCAATACCCTTGAG,TCCTCTGGCGGAAAGCCTgccagatgaaatcctcgttgacgtgatacgcaacctgcctACTTCGcaagggtattgcgattccaaaggtctttactccgcgcgtGATCttgacagctagctcagtcctaggtataatactagtGGAATCGCAATACCCTTGAGgttttagagctagaaatagcaagttaaaataaggctag
234,234_alaA,alaA,ALA,GCT,65.0,SER,TCC,193,-1,CCG,CTG,gccagatgaaatcctcgttgacgtgatacgcaacctgcctACTTCCcaagggtattgcgattccaaaggtctttactccgcgcgt,non template / coding strand,GGAATCGCAATACCCTTGAG,TCCTCTGGCGGAAAGCCTgccagatgaaatcctcgttgacgtgatacgcaacctgcctACTTCCcaagggtattgcgattccaaaggtctttactccgcgcgtGATCttgacagctagctcagtcctaggtataatactagtGGAATCGCAATACCCTTGAGgttttagagctagaaatagcaagttaaaataaggctag
235,235_alaA,alaA,ALA,GCT,65.0,SER,AGT,193,-1,CCG,CTG,gccagatgaaatcctcgttgacgtgatacgcaacctgcctACTAGTcaagggtattgcgattccaaaggtctttactccgcgcgt,non template / coding strand,GGAATCGCAATACCCTTGAG,TCCTCTGGCGGAAAGCCTgccagatgaaatcctcgttgacgtgatacgcaacctgcctACTAGTcaagggtattgcgattccaaaggtctttactccgcgcgtGATCttgacagctagctcagtcctaggtataatactagtGGAATCGCAATACCCTTGAGgttttagagctagaaatagcaagttaaaataaggctag
236,236_alaA,alaA,ALA,GCT,65.0,SER,AGC,193,-1,CCG,CTG,gccagatgaaatcctcgttgacgtgatacgcaacctgcctACTAGCcaagggtattgcgattccaaaggtctttactccgcgcgt,non template / coding strand,GGAATCGCAATACCCTTGAG,TCCTCTGGCGGAAAGCCTgccagatgaaatcctcgttgacgtgatacgcaacctgcctACTAGCcaagggtattgcgattccaaaggtctttactccgcgcgtGATCttgacagctagctcagtcctaggtataatactagtGGAATCGCAATACCCTTGAGgttttagagctagaaatagcaagttaaaataaggctag
237,237_alaA,alaA,ARG,CGT,91.0,SER,TCA,271,-13,AGG,AAG,ttactccgcgcgtaaagccatcatgcagcactacCAAgctcgtggcatgTCAgatgttaccgtggaagatatttacatcggcaat,template / non coding strand,AGCCATCATGCAGCACTACC,TCCTCTGGCGGAAAGCCTttactccgcgcgtaaagccatcatgcagcactacCAAgctcgtggcatgTCAgatgttaccgtggaagatatttacatcggcaatGATCttgacagctagctcagtcctaggtataatactagtAGCCATCATGCAGCACTACCgttttagagctagaaatagcaagttaaaataaggctag
238,238_alaA,alaA,ARG,CGT,91.0,SER,TCG,271,-13,AGG,AAG,ttactccgcgcgtaaagccatcatgcagcactacCAAgctcgtggcatgTCGgatgttaccgtggaagatatttacatcggcaat,template / non coding strand,AGCCATCATGCAGCACTACC,TCCTCTGGCGGAAAGCCTttactccgcgcgtaaagccatcatgcagcactacCAAgctcgtggcatgTCGgatgttaccgtggaagatatttacatcggcaatGATCttgacagctagctcagtcctaggtataatactagtAGCCATCATGCAGCACTACCgttttagagctagaaatagcaagttaaaataaggctag
239,239_alaA,alaA,ARG,CGT,91.0,SER,TCC,271,-13,AGG,AAG,ttactccgcgcgtaaagccatcatgcagcactacCAAgctcgtggcatgTCCgatgttaccgtggaagatatttacatcggcaat,template / non coding strand,AGCCATCATGCAGCACTACC,TCCTCTGGCGGAAAGCCTttactccgcgcgtaaagccatcatgcagcactacCAAgctcgtggcatgTCCgatgttaccgtggaagatatttacatcggcaatGATCttgacagctagctcagtcctaggtataatactagtAGCCATCATGCAGCACTACCgttttagagctagaaatagcaagttaaaataaggctag
240,240_alaA,alaA,ARG,CGT,91.0,SER,AGT,271,-13,AGG,AAG,ttactccgcgcgtaaagccatcatgcagcactacCAAgctcgtggcatgAGTgatgttaccgtggaagatatttacatcggcaat,template / non coding strand,AGCCATCATGCAGCACTACC,TCCTCTGGCGGAAAGCCTttactccgcgcgtaaagccatcatgcagcactacCAAgctcgtggcatgAGTgatgttaccgtggaagatatttacatcggcaatGATCttgacagctagctcagtcctaggtataatactagtAGCCATCATGCAGCACTACCgttttagagctagaaatagcaagttaaaataaggctag
241,241_alaA,alaA,ARG,CGT,91.0,SER,AGC,271,-13,AGG,AAG,ttactccgcgcgtaaagccatcatgcagcactacCAAgctcgtggcatgAGCgatgttaccgtggaagatatttacatcggcaat,template / non coding strand,AGCCATCATGCAGCACTACC,TCCTCTGGCGGAAAGCCTttactccgcgcgtaaagccatcatgcagcactacCAAgctcgtggcatgAGCgatgttaccgtggaagatatttacatcggcaatGATCttgacagctagctcagtcctaggtataatactagtAGCCATCATGCAGCACTACCgttttagagctagaaatagcaagttaaaataaggctag
242,242_alaA,alaA,ARG,CGT,91.0,SER,TCA,271,-6,TGG,-,tccgcgcgtaaagccatcatgcagcactaccaggctcgtggcatgTCAgatgttaccgtggaagatatttacatcggcaatggtg,template / non coding strand,TGCAGCACTACCAGGCTCGT,TCCTCTGGCGGAAAGCCTtccgcgcgtaaagccatcatgcagcactaccaggctcgtggcatgTCAgatgttaccgtggaagatatttacatcggcaatggtgGATCttgacagctagctcagtcctaggtataatactagtTGCAGCACTACCAGGCTCGTgttttagagctagaaatagcaagttaaaataaggctag
243,243_alaA,alaA,ARG,CGT,91.0,SER,TCC,271,-6,TGG,-,tccgcgcgtaaagccatcatgcagcactaccaggctcgtggcatgTCCgatgttaccgtggaagatatttacatcggcaatggtg,template / non coding strand,TGCAGCACTACCAGGCTCGT,TCCTCTGGCGGAAAGCCTtccgcgcgtaaagccatcatgcagcactaccaggctcgtggcatgTCCgatgttaccgtggaagatatttacatcggcaatggtgGATCttgacagctagctcagtcctaggtataatactagtTGCAGCACTACCAGGCTCGTgttttagagctagaaatagcaagttaaaataaggctag
244,244_alaA,alaA,ARG,CGT,91.0,SER,AGT,271,-6,TGG,-,tccgcgcgtaaagccatcatgcagcactaccaggctcgtggcatgAGTgatgttaccgtggaagatatttacatcggcaatggtg,template / non coding strand,TGCAGCACTACCAGGCTCGT,TCCTCTGGCGGAAAGCCTtccgcgcgtaaagccatcatgcagcactaccaggctcgtggcatgAGTgatgttaccgtggaagatatttacatcggcaatggtgGATCttgacagctagctcagtcctaggtataatactagtTGCAGCACTACCAGGCTCGTgttttagagctagaaatagcaagttaaaataaggctag
245,245_alaA,alaA,ARG,CGT,91.0,SER,AGC,271,-6,TGG,-,tccgcgcgtaaagccatcatgcagcactaccaggctcgtggcatgAGCgatgttaccgtggaagatatttacatcggcaatggtg,template / non coding strand,TGCAGCACTACCAGGCTCGT,TCCTCTGGCGGAAAGCCTtccgcgcgtaaagccatcatgcagcactaccaggctcgtggcatgAGCgatgttaccgtggaagatatttacatcggcaatggtgGATCttgacagctagctcagtcctaggtataatactagtTGCAGCACTACCAGGCTCGTgttttagagctagaaatagcaagttaaaataaggctag
246,246_alaA,alaA,ARG,CGT,91.0,SER,TCA,271,-15,CCA,-,tttactccgcgcgtaaagccatcatgcagcactaccaggctcgtggcatgTCAgatgttaccgtggaagatatttacatcggcaa,non template / coding strand,CATCACGCATGCCACGAGCC,TCCTCTGGCGGAAAGCCTtttactccgcgcgtaaagccatcatgcagcactaccaggctcgtggcatgTCAgatgttaccgtggaagatatttacatcggcaaGATCttgacagctagctcagtcctaggtataatactagtCATCACGCATGCCACGAGCCgttttagagctagaaatagcaagttaaaataaggctag
247,247_alaA,alaA,ARG,CGT,91.0,SER,TCC,271,-15,CCA,-,tttactccgcgcgtaaagccatcatgcagcactaccaggctcgtggcatgTCCgatgttaccgtggaagatatttacatcggcaa,non template / coding strand,CATCACGCATGCCACGAGCC,TCCTCTGGCGGAAAGCCTtttactccgcgcgtaaagccatcatgcagcactaccaggctcgtggcatgTCCgatgttaccgtggaagatatttacatcggcaaGATCttgacagctagctcagtcctaggtataatactagtCATCACGCATGCCACGAGCCgttttagagctagaaatagcaagttaaaataaggctag
248,248_alaA,alaA,ARG,CGT,91.0,SER,AGT,271,-15,CCA,-,tttactccgcgcgtaaagccatcatgcagcactaccaggctcgtggcatgAGTgatgttaccgtggaagatatttacatcggcaa,non template / coding strand,CATCACGCATGCCACGAGCC,TCCTCTGGCGGAAAGCCTtttactccgcgcgtaaagccatcatgcagcactaccaggctcgtggcatgAGTgatgttaccgtggaagatatttacatcggcaaGATCttgacagctagctcagtcctaggtataatactagtCATCACGCATGCCACGAGCCgttttagagctagaaatagcaagttaaaataaggctag
249,249_alaA,alaA,ARG,CGT,91.0,SER,AGC,271,-15,CCA,-,tttactccgcgcgtaaagccatcatgcagcactaccaggctcgtggcatgAGCgatgttaccgtggaagatatttacatcggcaa,non template / coding strand,CATCACGCATGCCACGAGCC,TCCTCTGGCGGAAAGCCTtttactccgcgcgtaaagccatcatgcagcactaccaggctcgtggcatgAGCgatgttaccgtggaagatatttacatcggcaaGATCttgacagctagctcagtcctaggtataatactagtCATCACGCATGCCACGAGCCgttttagagctagaaatagcaagttaaaataaggctag
250,250_alaA,alaA,ASP,GAT,92.0,HIS,CAT,274,-16,AGG,AAG,actccgcgcgtaaagccatcatgcagcactacCAAgctcgtggcatgcgtCATgttaccgtggaagatatttacatcggcaatgg,template / non coding strand,AGCCATCATGCAGCACTACC,TCCTCTGGCGGAAAGCCTactccgcgcgtaaagccatcatgcagcactacCAAgctcgtggcatgcgtCATgttaccgtggaagatatttacatcggcaatggGATCttgacagctagctcagtcctaggtataatactagtAGCCATCATGCAGCACTACCgttttagagctagaaatagcaagttaaaataaggctag
251,251_alaA,alaA,ASP,GAT,92.0,HIS,CAT,274,-9,TGG,-,ccgcgcgtaaagccatcatgcagcactaccaggctcgtggcatgcgtCATgttaccgtggaagatatttacatcggcaatggtgt,template / non coding strand,TGCAGCACTACCAGGCTCGT,TCCTCTGGCGGAAAGCCTccgcgcgtaaagccatcatgcagcactaccaggctcgtggcatgcgtCATgttaccgtggaagatatttacatcggcaatggtgtGATCttgacagctagctcagtcctaggtataatactagtTGCAGCACTACCAGGCTCGTgttttagagctagaaatagcaagttaaaataaggctag
252,252_alaA,alaA,ASP,GAT,92.0,HIS,CAT,274,-18,CCA,-,tactccgcgcgtaaagccatcatgcagcactaccaggctcgtggcatgcgtCATgttaccgtggaagatatttacatcggcaatg,non template / coding strand,CATCACGCATGCCACGAGCC,TCCTCTGGCGGAAAGCCTtactccgcgcgtaaagccatcatgcagcactaccaggctcgtggcatgcgtCATgttaccgtggaagatatttacatcggcaatgGATCttgacagctagctcagtcctaggtataatactagtCATCACGCATGCCACGAGCCgttttagagctagaaatagcaagttaaaataaggctag
