gene,aa position,mutated aa,child codon,nt position,dist mut pam,mutated pam,protospacer
prs,20.0,VAL,GTT,58,-7,CAA,ACGTTGTGCTAGTTCCGGGG
prs,20.0,VAL,GTA,58,-7,CAA,ACGTTGTGCTAGTTCCGGGG
prs,20.0,VAL,GTG,58,-7,CAA,ACGTTGTGCTAGTTCCGGGG
prs,20.0,VAL,GTT,58,-4,CTC,AATACGTTGTGCTAGTTCCG
prs,20.0,VAL,GTA,58,-4,CTC,AATACGTTGTGCTAGTTCCG
prs,20.0,VAL,GTG,58,-4,CTC,AATACGTTGTGCTAGTTCCG
prs,20.0,VAL,GTT,58,24,TCG,CGCCGAGTGAAGTGTACAGG
prs,20.0,VAL,GTA,58,24,TCG,CGCCGAGTGAAGTGTACAGG
prs,20.0,VAL,GTG,58,24,TCG,CGCCGAGTGAAGTGTACAGG
prs,303.0,VAL,GTT,907,-1,TAG,TCTGACCCTGTCAGGTATGC
prs,303.0,THR,ACC,907,-1,TAG,TCTGACCCTGTCAGGTATGC
prs,303.0,VAL,GTG,907,-1,TAG,TCTGACCCTGTCAGGTATGC
prs,303.0,VAL,GTA,907,-1,TAG,TCTGACCCTGTCAGGTATGC
prs,303.0,THR,ACT,907,-1,TAG,TCTGACCCTGTCAGGTATGC
prs,303.0,THR,ACA,907,-1,TAG,TCTGACCCTGTCAGGTATGC
prs,303.0,THR,ACG,907,-1,TAG,TCTGACCCTGTCAGGTATGC
prs,303.0,VAL,GTT,907,-16,CTC,TTCGGCCAGCATACCTGACA
prs,303.0,THR,ACC,907,-16,CTC,TTCGGCCAGCATACCTGACA
prs,303.0,VAL,GTG,907,-16,CTC,TTCGGCCAGCATACCTGACA
prs,303.0,VAL,GTA,907,-16,CTC,TTCGGCCAGCATACCTGACA
prs,303.0,THR,ACT,907,-16,CTC,TTCGGCCAGCATACCTGACA
prs,303.0,THR,ACA,907,-16,CTC,TTCGGCCAGCATACCTGACA
prs,303.0,THR,ACG,907,-16,CTC,TTCGGCCAGCATACCTGACA
prs,303.0,THR,ACC,907,2,-,CTGATACGACGAATCGCTTC
prs,303.0,THR,ACT,907,2,-,CTGATACGACGAATCGCTTC
